Name,Review stars,Brand,Price,Capacity(Kg),Access Location
"Samsung 7 Kg Inverter 5 Star Fully-Automatic Top Load Eco Bubble Washing Machine (WA70BG4441YYTL, Bubble Storm Technology, Lavender Gray)",4.2,Samsung,17990,7,Top Load
"LG 7 Kg 5 Star Semi-Automatic Top Loading Washing Machine (P7020NGAZ, Dark Gray, Wind Jet Dry)",4.3,LG,11990,7,Top Load
"Whirlpool 6.5 Kg 5 Star Royal Fully-Automatic Top Loading Washing Machine (WHITEMAGIC ROYAL 6.5 GENX, Grey, Hard Water Wash)",4.2,Whirlpool,14740,6.5,Top Load
"Whirlpool 7 Kg 5 Star Royal Fully-Automatic Top Loading Washing Machine (WHITEMAGIC ROYAL 7.0 GENX, Grey, Hard Water Wash)",4.2,Whirlpool,15790,7,Top Load
"Whirlpool 7 Kg 5 Star Semi-Automatic Top Loading Washing Machine (SUPERB ATOM 7.0, Grey Dazzle, TurboScrub Technology)",4.3,Whirlpool,10240,7,Top Load
"IFB 6 Kg 5 Star Front Load Washing Machine 2X Power Dual Steam (DIVA PLUS BXS 6008, White & Black, Active Color Protection, Hard Water Wash)",4.2,IFB,22990,6,Front Load
"Samsung 7 Kg Inverter 5 Star Fully-Automatic Top Load Eco Bubble Washing Machine (WA70BG4441YYTL, Bubble Storm Technology, Lavender Gray)",4.2,Samsung,17990,7,Top Load
"Onida 6.5 kg Washer Only (WS65WLPT1LR Liliput, Lava Red)",4.2,Onida,5590,6.5,Top Load
"Whirlpool 6 Kg 5 Star Royal Fully-Automatic Top Loading Washing Machine (WHITEMAGIC ROYAL 6.0 GENX, Satin Grey, Hard Water Wash)",4.3,Whirlpool,14290,6,Top Load
"ONIDA 8 kg 5 Star Fully Automatic Top Load Washing Machine (T80CMB, Black, Hexa Crystal Drum)",4.2,Onida,15790,8,Top Load
"Samsung 7 Kg Inverter 5 star Fully-Automatic Top Load Ecobubble Washing Machine (WA70BG4545BGTL, Bubble Storm & Super Speed technology, Light Gray)",4.2,Samsung,19490,7,Top Load
"DMR 3 kg Portable Mini Washing Machine with Dryer Basket (DMR 30-1208, Blue) (with 1 year Free Spare Supply Warranty)",3.7,DMR,5499,3,Top Load
"LG 8 Kg 5 Star Semi-Automatic Top Loading Washing Machine (P8030SRAZ, Burgundy, Collar Scrubber)",4.4,LG,13490,8,Top Load
"IFB 6 Kg 5 Star Front Load Washing Machine 2X Power Dual Steam (DIVA AQUA SXS 6008, Silver, Active Color Protection, Hard Water Wash)",4.2,IFB,23790,6,Front Load
"Whirlpool 7.5 Kg 5 Star Royal Plus Fully-Automatic Top Loading Washing Machine (WHITEMAGIC ROYAL PLUS 7.5, Grey, Hard Water Wash)",4.2,Whirlpool,17740,7.5,Top Load
"Samsung 9 Kg WiFi Enabled Inverter 5 Star Fully-Automatic Top Load Ecobubble Washing Machine (WA90BG4542BDTL, Bubble Storm technology, Dark Gray)",3.7,Samsung,24790,9,Top Load
"Onida 9.0 kg Top Load Washer Only (W90W, Lava Red)",4.2,Onida,6290,9,Top Load
"IFB 7.0 Kg 5 Star Top Load Washing Machine Aqua Conserve (TL-RES 7.0KG AQUA, Light Grey, Hard Water Wash, Smart Sense)",4.1,IFB,19590,7,Top Load
"Godrej 7 Kg 5 Star Fully-Automatic Top Loading Washing Machine (WTEON 700 AD 5.0 ROGR, Grey, Acu Wash Drum)",4.2,Godrej,14890,7,Top Load
"Samsung 8 Kg Inverter 5 Star Fully-Automatic Top Load Ecobubble Washing Machine (WA80BG4441BGTL, Bubble Storm Technology, Light Gray)",4.0,Samsung,20990,8,Top Load
"IFB 5.5 kg Fully-automatic Dryer (TURBO DRY,white,Inbuilt Heater, Allergy Free Technology",3.9,IFB,19490,5.5,Front Load
"Samsung 7 Kg WiFi Enabled Inverter 5 Star Fully-Automatic Top Load Ecobubble Washing Machine (WA70BG4582BYTL, Hygiene Steam with in-built Heater, Lavender Gray)",4.2,Samsung,22290,7,Top Load
Bosch 8 kg 5 Star 1400RPM INVERTER TOUCH CONTROL Fully Automatic Front Load with Heater Silver  (WAJ28262IN),4.4,Bosch,36990,8,Front Load
"Godrej 7 Kg 5 Star Fully-Automatic Top Loading Washing Machine (WTEON 700 5.0 AP GPGR, Graphite Grey)",4.1,Godrej,13990,7,Top Load
"Whirlpool 7 Kg 5 Star Semi-Automatic Top Loading Washing Machine (SUPERB ATOM 7.0, Grey Dazzle, TurboScrub Technology)",4.3,Whirlpool,10240,7,Top Load
"Bosch 7 kg 5 Star Inverter Touch Control Fully Automatic Front Loading Washing Machine with In - built Heater (WAJ2416SIN, Silver)",4.5,Bosch,32790,7,Front Load
"AmazonBasics 6 Kg Fully Automatic Top Loading Washing Machine, Grey",3.8,AmazonBasics,13290,6,Top Load
Sansui 6.5 kg Fully Automatic Top Load Washing Machine JSP65FTL- 2024B (Ash Grey) With Fuzzy Logic,3.3,SANSUI,12490,6.5,Top Load
"LG 10 Kg 5 Star Smart Inverter Fully-Automatic Top Load Washing Machine (T10SJMB1Z, Middle Black, TurboDrum | Jet Spray+)",4.3,LG,27990,10,Top Load
"IFB 5.5 kg Fully-automatic Dryer (TURBO DRY EX, Silver, Wall Mountable,Anti crease)",3.8,IFB,20690,5.5,Front Load
"Samsung 8 Kg Inverter 5 star Fully-Automatic Top Load Ecobubble Washing Machine (WA80BG4545BYTL, Bubble Storm & Super Speed technology, Lavender Gray)",4.0,Samsung,21990,8,Top Load
"IFB 8 Kg 5 Star Front Load Washing Machine 2X Power Dual Steam (Senator VSS 8012, White & Black, Active Color Protection, Hard Water Wash)",4.2,IFB,34490,8,Front Load
Whirlpool 7.5 Kg 5 Star Semi-Automatic Top Loading Washing Machine (ACE 7.5 TRB DRY MAX GREY DAZZELE(5YR)),4.5,Whirlpool,12740,7.5,Top Load
"LG 8 Kg 5 Star Inverter Touch panel Fully-Automatic Front Load Washing Machine with In-Built Heater (FHM1408BDM, Middle Black, Steam for Hygiene Wash)",4.4,LG,34990,8,Front Load
"Samsung 8 Kg 5 Star AI Control & Wi-Fi, Fully-Automatic Front Loading Washing Machine (WW80T504DAB1TL, Black Caviar, Digital Inverter)",4.3,Samsung,36990,8,Front Load
"iFFALCON 7 Kg Fully-Automatic Front Load Washing Machine with In-built Heater (FWF70-G123061A03S, Silver, Honey Comb Crystal Drum, 16 Wash Program)",3.5,iFFALCON,16990,7,Front Load
"Samsung 8.0 Kg Semi-Automatic 5 Star Top Loading Washing Machine (WT80R4000RG/TL, Light Grey, Wine Red Lid (Opaque), Hexa Storm Pulsator)",4.3,Samsung,12990,8,Top Load
"Whirlpool 9 Kg 5 Star Semi-Automatic Top Loading Washing Machine (ACE XL 9, Graphite Grey, 3D Scrub Technology)",4.1,Whirlpool,15990,9,Top Load
"Bosch 8 kg 5 Star Touch Control Fully Automatic Front Load with Heater (WAJ2426AIN, White)",4.4,Bosch,33490,8,Front Load
"Whirlpool 7.5 Kg 5 Star Fully-Automatic Top Loading Washing Machine with In-Built Heater (360 BLOOMWASH PRO (540) H 7.5, Graphite, Hexa Bloom Impeller)",4.1,Whirlpool,22990,7.5,Top Load
"IFB 8 Kg 5 Star Front Load Washing Machine 2X Power Dual Steam (SENATOR WSS 8014, Silver, Active Colour Protection, Hard Water Wash)",4.2,IFB,37000,8,Front Load
"IFB 7.0 Kg 5 Star Top Load Washing Machine Aqua Conserve (TL-RES 7.0KG AQUA, Light Grey, Hard Water Wash, Smart Sense)",4.1,IFB,19590,7,Top Load
"IFB 8 Kg 5 Star Front Load Washing Machine 2X Power Dual Steam (SENATOR WSS 8014, Silver, Active Colour Protection, Hard Water Wash)",4.2,IFB,37000,8,Front Load
"AmazonBasics 7 kg Semi Automatic Washing Machine (with Heavy wash function, White/Blue color)",3.9,AmazonBasics,9990,7,Front Load
"Panasonic 6.7 kg Built-in Heater Fully-Automatic Top Loading Washing Machine (NA-F67BH8MRB,Middle free silver,Active Foam System) with Water Reuse",4.3,Panasonic,16990,6.7,Top Load
"AmazonBasics 7 Kg Fully Automatic Top Loading Washing Machine, Grey",3.8,AmazonBasics,14290,7,Top Load
"AmazonBasics 8.5 kg Top Load Washing Machine (Grey/Black, Full Metal body, LED Display)",4.0,AmazonBasics,16990,8.5,Top Load
"LG 8.0 Kg Inverter Fully-Automatic Top Loading Washing Machine (T80SJSF1Z, Middle Free Silver)",4.4,LG,23450,8,Top Load
"LG 8.5 kg 5 Star Semi-Automatic Top Load Washing Machine (P8535SKMZ, Middle Black, Roller Jet Pulsator)",4.4,LG,16250,8.5,Top Load
"Whirlpool 6.5 Kg 5 Star Fully-Automatic Top Loading Washing Machine with In-Built Heater (STAINWASH PRO H 6.5, Shiny Grey)",4.2,Whirlpool,19980,6.5,Top Load
"Whirlpool 9.5 Kg 5 Star Inverter Fully Automatic Top Loading Washing Machine (360 BW PRO INV H 9.5 GRAPHITE, Graphite Grey, With Inbuilt Heater)",3.9,Whirlpool,24960,9.5,Top Load
DMR-DO-55A Semi-Automatic 5 kg Spin Dryer (Only Drying- No Washing),4.7,DMR,5799,5,Top Load
"Bosch 6Kg 5 Star Touch Control Fully Automaic Front Loading Washing Machine With Heater (WLJ 16061IN, White)",4.2,Bosch,26790,6,Front Load
"Bosch 8 kg 5 Star Inverter Touch Control Fully Automatic Front Loading Washing Machine with In- built Heater (WAJ2426MIN,White)",4.4,Bosch,34990,8,Front Load
"Samsung 8 Kg Inverter 5 Star Fully-Automatic Top Load Ecobubble Washing Machine (WA80BG4441BGTL, Bubble Storm Technology, Light Gray)",4.0,Samsung,20990,8,Top Load
"IFB 6.5 Kg 5 Star Top Load Washing Machine Aqua Conserve (TL-REWS 6.5KG AQUA, White, 2X Power Dual Steam, Inbuilt Heater)",4.3,IFB,19990,6.5,Top Load
"ONIDA 8 kg 5 Star Fully Automatic Top Load Washing Machine (T80CMB, Black, Hexa Crystal Drum)",4.2,Onida,15790,8,Top Load
"DMR Portable Semi Automatic Top-Loading Mini Washing Machine 3 kg -With Dryer Basket (DMR 30-1208 (W2Yr), Blk)",3.8,DMR,5799,3,Top Load
Voltas Beko WTT140ABRT 14 kg Semi Automatic Washing Machine (Burgandy),4.3,Voltas Beko,17440,14,Top Load
"Whirlpool 6.5 Kg 5 Star Royal Fully-Automatic Top Loading Washing Machine (WHITEMAGIC ROYAL PLUS 6.5, Grey, In-Built Heater)",4.2,Whirlpool,17950,6.5,Top Load
"AmazonBasics 6 Kg Fully Automatic Top Loading Washing Machine, Grey",3.8,AmazonBasics,13290,6,Top Load
"Godrej 7 Kg 5 Star Fully-Automatic Top Loading Washing Machine (WTEON 700 5.0 AP GPGR, Graphite Grey)",4.1,Godrej,13990,7,Top Load
"Electrolux 9kg 5 Star UltraMix with 40°C Vapour Wash EcoInverter Fully Automatic Front Load Washing Machine, Scandinavian Design, Woolmark Certified, No Detergent Residue, White, UltimateCare 500, EWF9024R5WB",5.0,ELECTROLUX,49880,9,Front Load
"Electrolux 8kg 5 Star UltraMix with 40°C Vapour Wash EcoInverter Fully Automatic Front Load Washing Machine, Scandinavian Design, Woolmark Certified, White, UltimateCare 500, EWF8024R5WB",5.0,ELECTROLUX,44880,8,Front Load
VOLTAS BEKO 7 Kg 5 Star Semi-Automatic Top Loading Washing Machine WTT70ALIM (Burgundy),4.0,Voltas Beko,10900,7,Top Load
"Haier 6.5 Kg Semi-Automatic Top Loading Washing Machine with 1300 RPM, Rust Free Cabinet (HTW65-187BO, Burgundy)",4.0,Haier,10590,6.5,Top Load
"IFB 6 Kg 5 Star Front Load Washing Machine 2X Power Dual Steam (DIVA PLUS BXS 6008, White & Black, Active Color Protection, Hard Water Wash)",4.2,IFB,22990,6,Front Load
Bosch 7 kg 5 Star 1000RPM INVERTER TOUCH CONTROL Fully Automatic Front Load with Heater White(WAJ2006EIN),4.4,Bosch,30990,7,Front Load
"White Westinghouse 7.5 kg Semi Automatic Top loading washing machine ( CSW7500, Maroon )",3.9,White Westinghouse (Trademark by Electrolux),7990,7.5,Top Load
"IFB 7 Kg 5 Star Front Load Washing Machine 2X Power Dual Steam (SERENA ZSS 7010, Silver & Black, Active Color Protection, Hard Water Wash)",4.3,IFB,34290,7,Front Load
"IFB 6.5 Kg 5 Star Front Load Washing Machine 2X Power Dual Steam (SENORITA SXS 6510, Silver & Black, Active Color Protection, Hard Water Wash)",4.2,IFB,29990,6.5,Front Load
"White Westinghouse 9 kg Semi Automatic Top loading washing machine ( CSW9000, Grey )",4.0,White Westinghouse (Trademark by Electrolux),10499,9,Top Load
"Voltas Beko 7 Kg Semi-Automatic Top Loading Washing Machine (WTT70ALIM, Burgundy Qpaque)",3.8,Voltas Beko,9700,7,Top Load
"Godrej 7 Kg 5 Star Fully-Automatic Top Loading Washing Machine (WTEON 700 AD 5.0 ROGR, Grey, Acu Wash Drum)",4.2,Godrej,14890,7,Top Load
"Electrolux 9kg 5 Star 40°C Vapour Wash EcoInverter Fully Automatic Front Load Washing Machine, Scandinavian Design for Sustainable Clothing, White, UltimateCare 300, EWF9024D3WB",5.0,ELECTROLUX,45590,9,Front Load
"Havells-Lloyd 7 kg Fully Automatic Front load washing machine (LWMF70WX3 White, 90° Self Clean)",4.3,Lloyd,25990,7,Front Load
"LG 9Kg 5 Star Top Load Washing Machine Spin 6.5Kg, Rust Free Body, Roller Jet Pulsator, Wind Jet Dry, Grey, P9041SGAZ",4.7,LG,17099,9,Top Load
"White Westinghouse 9 kg Semi Automatic Top loading washing machine ( CSW9000, Grey )",4.0,White Westinghouse (Trademark by Electrolux),10499,9,Top Load
"IFB 6.5 Kg 5 Star Top Load Washing Machine Aqua Conserve (TL-REWS 6.5KG AQUA, White, 2X Power Dual Steam, Inbuilt Heater)",4.3,IFB,19990,6.5,Top Load
"IFB 6.5 Kg 5 Star Front Load Washing Machine 2X Power Dual Steam (ELENA ZSS 6510, Silver & Black, Active Color Protection, Hard Water Wash)",4.2,IFB,31890,6.5,Front Load
"Whirlpool 8.5 kg 5 Star Semi-Automatic Top Loading Washing Machine (ACE 8.5 TRB DRY GREY DAZZLE (10YR)-N, Grey Dazzle, 2x Drying Power)",4.4,Whirlpool,13590,8.5,Top Load
"Godrej 8.5 Kg 5 Star Semi-Automatic Top Loading Washing Machine, more than 99.99% disinfection against viruses, In-built Heater (WSEDGE DIGI 85 5.0 PB2 M GPGR, Graphite Grey) (52141601SD00341)",4.4,Godrej,14290,8.5,Top Load
"IFB 5.5 kg Fully-automatic Dryer (TURBO DRY EX, Silver, Wall Mountable,Anti crease)",3.8,IFB,20690,5.5,Front Load
"Oracus 7.5 Kg Semi-Automatic Top Loading Washing Machine (OSW75BL,Purple)",3.3,Oracus,8090,7.5,Top Load
"White Westinghouse 7.5 kg Semi Automatic Top loading washing machine ( CSW7500, Maroon )",3.9,White Westinghouse (Trademark by Electrolux),7990,7.5,Top Load
"Electrolux 7.5kg 40°C Vapour Wash 5 Star EcoInverter Fully Automatic Front Load Washing Machine, Scandinavian Design for Sustainable Clothing, White, UltimateCare 300, EWF7524D3WB",5.0,ELECTROLUX,34880,7.5,Front Load
"IFB 6 Kg 5 Star Front Load Washing Machine 2X Power Dual Steam (NEO DIVA VXS 6010, White, Active Color Protection, Hard Water Wash)",4.0,IFB,26750,6,Front Load
"IFB 7 Kg 5 Star Fully-Automatic Top Loading Washing Machine (TL-RGS Aqua, Grey,Auto Imbalance System,3D Wash Technology)",4.3,IFB,22490,7,Top Load
"IFB 8 Kg 5 Star Front Load Washing Machine 2X Power Dual Steam (Senator VSS 8012, White & Black, Active Color Protection, Hard Water Wash)",4.2,IFB,34490,8,Front Load
"IFB 5.5 kg Fully-automatic Dryer (TURBO DRY,white,Inbuilt Heater, Allergy Free Technology",3.9,IFB,19490,5.5,Front Load
"IFB 11.0 Kg 5 Star Top Load Washing Machine Aqua Conserve (TL-SIBS 11.0KG AQUA, Inox, Power Dual Steam, Inbuilt Heater)",3.8,IFB,34299,11,Top Load
"LG 7 Kg 5 Star Inverter Wi-Fi Fully-Automatic Front Load Washing Machine with In-Built Heater (FHV1207Z4M, Middle Black, AI DD Technology & Steam for Hygiene Wash)",3.9,LG,33390,7,Front Load
"Electrolux 8kg 5 Star 40°C Vapour Wash EcoInverter Fully Automatic Front Load Washing Machine, Scandinavian Design for Sustainable Clothing, White, UltimateCare 300, EWF8024D3WB",5.0,ELECTROLUX,40690,8,Front Load
"IFB 6.5 Kg 5 Star Front Load Washing Machine 2X Power Dual Steam (SENORITA VXS 6510, White & Black, Active Colour Protection, Hard Water Wash)",4.4,IFB,29390,6.5,Front Load
"IFB 6 Kg 5 Star Front Load Washing Machine 2X Power Dual Steam (NEO DIVA SXS 6010, Silver, Active Color Protection, Hard Water Wash)",4.2,IFB,27390,6,Front Load
"IFB 7.0 Kg 5 Star Top Load Washing Machine Aqua Conserve (TL-REGS 7.0KG AQUA, Medium Grey, 2X Power Dual Steam, Inbuilt Heater)",3.5,IFB,21500,7,Top Load
DMR 4.6kg Portable Washing Machine - Only Washer (No Dryer) - Model DMR OW-46,3.6,DMR,5799,4,Top Load
"IFB 6.5 KG Fully-Automatic Top Load Washing Machine (TL-RPSS 6.5KG AQUA,Silver)",5.0,IFB,21499,6.5,Top Load
"Panasonic 8 Kg Wifi Built-In Heater Fully-Automatic Top Loading Smart Washing Machine (NA-F80V10LRB, Silver, Compatible with Alexa)",4.3,Panasonic,27990,8,Top Load
"Samsung 9 Kg WiFi Enabled Inverter 5 Star Fully-Automatic Top Load Ecobubble Washing Machine (WA90BG4542BDTL, Bubble Storm technology, Dark Gray)",3.7,Samsung,24790,9,Top Load
"IFB 8 Kg 5 Star Front Load Washing Machine Aqua Energie (SENATOR PLUS VX, White, Active Color Protection, Hard Water Wash)",3.5,IFB,32990,8,Front Load
"Panasonic 7.5 Kg Wifi  Fully-Automatic Top Loading Smart Washing Machine (NA-F75A10MRB, Middle Free Silver, Compatible with Alexa)",4.4,Panasonic,21990,7.5,Top Load
"Samsung 8 Kg 5 Star AI Control & Wi-Fi, Fully-Automatic Front Loading Washing Machine (WW80T504DAB1TL, Black Caviar, Digital Inverter)",4.3,Samsung,36990,8,Front Load
"Whirlpool 9 Kg 5 Star Semi-Automatic Top Loading Washing Machine (ACE XL 9, Graphite Grey, 3D Scrub Technology)",4.1,Whirlpool,15990,9,Top Load
"IFB 6 Kg 5 Star Front Load Washing Machine 2X Power Dual Steam (DIVA AQUA SXS 6008, Silver, Active Color Protection, Hard Water Wash)",4.2,IFB,23790,6,Front Load
"IFB 6.5 Kg 5 Star Front Load Washing Machine 2X Power Dual Steam (SENORITA SXS 6510, Silver & Black, Active Color Protection, Hard Water Wash)",4.2,IFB,29990,6.5,Front Load
Voltas Beko 9 kg Semi Automatic Washing Machine (Burgundy) WTT90AGRT,3.1,Voltas Beko,13199,9,Top Load
"IFB 8 Kg 5 Star Front Load Washing Machine 2X Power Dual Steam (SENATOR WSS 8014, Silver, Active Colour Protection, Hard Water Wash)",4.2,IFB,37000,8,Front Load
Whirlpool 7.5 Kg 5 Star Semi-Automatic Top Loading Washing Machine (ACE 7.5 TRB DRY MAX GREY DAZZELE(5YR)),4.5,Whirlpool,12740,7.5,Top Load
"IFB 7 Kg 5 Star Front Load Washing Machine 2X Power Dual Steam (NEO DIVA WSS 7010, White & Silver, Active Color Protection, Hard Water Wash)",4.1,IFB,31590,7,Front Load
"IFB 9.0 Kg 5 Star Top Load Washing Machine Aqua Conserve (TL-SLBS 9.0KG AQUA, Silver, Power Dual Steam, Inbuilt Heater)",3.4,IFB,30490,9,Top Load
"Bosch 6.5 kg 5 Star Inverter Fully Automatic Front Load (WLJ2026DIN, Lux Silver, Inbuilt Heater)",4.2,Bosch,29999,6.5,Front Load
"Panasonic 8 Kg Wifi  Fully-Automatic Top Loading Smart Washing Machine (NA-F80A10CRB, Charcoal Inox Grey, Compatible with Alexa)",4.3,Panasonic,23490,8,Top Load
"IFB 6.5 Kg 5 Star Front Load Washing Machine 2X Power Dual Steam (ELENA ZSS 6510, Silver & Black, Active Color Protection, Hard Water Wash)",4.2,IFB,31890,6.5,Front Load
"Whirlpool 7.5 Kg 5 Star Royal Plus Fully-Automatic Top Loading Washing Machine (WHITEMAGIC ROYAL PLUS 7.5, Grey, Hard Water Wash)",4.2,Whirlpool,17740,7.5,Top Load
"Bosch 7.5 Kg 5 Star Fully Automatic Top Load Washing Machine WOE753M0IN (Maroon), Extra Large",3.9,Bosch,28990,7.5,Top Load
"IFB 8 Kg 5 Star Front Load Washing Machine 2X Power Dual Steam (SENATOR MXS 8012, Mocha, Active Color Protection, Hard Water Wash)",4.0,IFB,36983,8,Front Load
"Amazon Basics 7 Kg Fully Automatic Front Loading Washing Machine (White, Steam Wash, Built-in Heater)",3.2,AmazonBasics,22990,7,Front Load
ZADIC Mini Foldable Washing Machine | Undergarments and use in Travel Also | Ultrasonic Cleaning Machine | Small Automatic Portable Underwear Folding 2Kg Washing Machine [Multicolor],5.0,REYANSH ENTERPRISE,4349,2,Top Load
"VVE Mini Foldable Washing Machine, Portable Washing Machine Small Automatic Portable Folding Compact Washing Machine(Color May Vary)",2.5,VVE,3599,0.8,Top Load
"Samsung 9 Kg 5 Star Wi-Fi Inverter Fully-Automatic Front Loading Washing Machine (WW90T604DLN1TL, Inox, In-Built Heater)",3.6,Samsung,45000,9,Front Load
"Foxsky 7.6 kg Semi-Automatic Top Loading Washing Machine (FOXSKY AQUA WASH 7.6 KG, MAROON)",3.8,Foxsky,9100,7.6,Top Load
"Panasonic 7 Kg Wifi Built-In Heater Fully-Automatic Top Loading Smart Washing Machine (NA-F70AH10MB, Middle Free Silver, Works with Alexa)",4.0,Panasonic,22790,7,Top Load
"Godrej Edge Pro 9 Kg 5 Star Semi Automatic Top Load Washing Machine (WSEDGE PRO 90 5.0 PB3 M LISP, Lilac Sprinkle)",4.2,Godrej,14390,9,Top Load
"IFB 10.0 Kg 5 Star Top Load Washing Machine Aqua Conserve (TL-SIBS 10.0KG AQUA, Inox, Power Dual Steam, Inbuilt Heater)",3.5,IFB,32390,10,Top Load
"AmazonBasics 7 kg Semi Automatic Washing Machine (with Heavy wash function, White/Blue color)",3.9,AmazonBasics,9990,7,Front Load
"Panasonic 6.7 kg Built-in Heater Fully-Automatic Top Loading Washing Machine (NA-F67BH8MRB,Middle free silver,Active Foam System) with Water Reuse",4.3,Panasonic,16990,6.7,Top Load
"Voltas Beko 8.5 kg Semi-Automatic Top Loading Washing Machine, 2 Casette Filter (WTT85DBLT, Sky Blue)",3.9,Voltas Beko,16990,8.5,Top Load
"Panasonic 8 Kg Wifi  Fully-Automatic Top Loading Smart Washing Machine (NA-F80X10PRB, Pure Black, Compatible with Alexa)",4.3,Panasonic,24490,8,Top Load
"Panasonic 8.0 Kg 5 Star Wifi Inverter Fully-Automatic Front Loading Washing Machine (NA-148MF1L01, Silver, Compatible for Alexa)",4.0,Panasonic,41990,8,Front Load
"AmazonBasics 8.5 kg Top Load Washing Machine (Grey/Black, Full Metal body, LED Display)",4.0,AmazonBasics,16990,8.5,Top Load
Havells-Lloyd 7.0 kg Fully Automatic Front Load Washing Machine (GLWMF70WC1 White),5.0,Lloyd,27990,7,Front Load
"LG AI Direct Drive Front Load Washer with Steam & TurboWash, FHV1409ZWP, 9.0Kg",4.4,LG,40980,9,Front Load
"Amazon Basics 7 Kg Fully Automatic Front Loading Washing Machine (White, Steam Wash, Built-in Heater)",3.2,AmazonBasics,22990,7,Front Load
"Panasonic 7 Kg Wifi Built-In Heater Fully-Automatic Top Loading Smart Washing Machine (NA-F70AH10MB, Middle Free Silver, Works with Alexa)",4.0,Panasonic,22790,7,Top Load
"Foxsky 7.6 kg Semi-Automatic Top Loading Washing Machine (FOXSKY AQUA WASH 7.6 KG, MAROON)",3.8,Foxsky,9100,7.6,Top Load
BIGGTOY Mini Foldable Washing Machine | Undergarments and use in Travel Also | Ultrasonic Cleaning Machine | Small Automatic Portable Underwear Folding 2Kg Washing Machine [Multicolor],5.0,BIGGTOY,4399,2,Top Load
"Panasonic 8 Kg Wifi  Fully-Automatic Top Loading Smart Washing Machine (NA-F80A10CRB, Charcoal Inox Grey, Compatible with Alexa)",4.3,Panasonic,23490,8,Top Load
"Panasonic 8 Kg Wifi Built-In Heater Fully-Automatic Top Loading Smart Washing Machine (NA-F80V10SRB, Stainless Steel, Compatible with Alexa)",4.0,Panasonic,28690,8,Top Load
PPJ ®- Portable Handy Bucket Washing Machine/Mini Washing Machine with 350 Watt - Nylon Belt Model Capacity 2 Kilograms (Pack of 1),3.6,PPJ,2349,2,Front Load
"Haier Fully Automatic Washing Machine with Inverter Motor, Super Drum, Dual Spray (HW80-IM12929C, Ice White)",5.0,Haier,35690,8,Front Load
"Panasonic 7.5 Kg Wifi  Fully-Automatic Top Loading Smart Washing Machine (NA-F75A10MRB, Middle Free Silver, Compatible with Alexa)",4.4,Panasonic,21990,7.5,Top Load
"Samsung 9 Kg 5 Star Wi-Fi Inverter Fully-Automatic Front Loading Washing Machine (WW90T604DLN1TL, Inox, In-Built Heater)",3.6,Samsung,45000,9,Front Load
"Whirlpool 8.5 kg 5 Star Semi-Automatic Top Loading Washing Machine (ACE 8.5 TRB DRY GREY DAZZLE (10YR)-N, Grey Dazzle, 2x Drying Power)",4.4,Whirlpool,13590,8.5,Top Load
"Panasonic 7 Kg Wifi  Fully-Automatic Top Loading Smart Washing Machine (NA-F70A10LRB, Silver, Compatible with Alexa)",1.0,Panasonic,21990,7,Top Load
BIGGTOY Mini Foldable Washing Machine | Undergarments and use in Travel Also | Ultrasonic Cleaning Machine | Small Automatic Portable Underwear Folding 2Kg Washing Machine [Multicolor],5.0,BIGGTOY,4399,2,Top Load
"IFB 7 Kg Fully-Automatic Front Loading Washing Machine (NEO DIVA WS, White,In-Built Heater, 3D Wash Technology)",4.1,IFB,29990,7,Front Load
"Oracus 7.2 Kg Fully-Automatic Top-Loading Washing Machine (OWTL72GR, Grey, Active+)",3.8,Oracus,13699,7.2,Top Load
"Samsung 9 Kg 5 Star Wi-Fi Inverter Fully-Automatic Front Loading Washing Machine (WW90T604DLN1TL, Inox, In-Built Heater)",3.6,Samsung,45000,9,Front Load
"Whirlpool 7.5 kg 5 Star Inverter Fully-Automatic Top Loading Washing Machine with In-Built Heater, (360 Bloomwash PRO INV 7.5 Heater Cool Illusia) (31509)",3.6,Whirlpool,27990,7.5,Top Load
"Hafele MARINA 6010 W, 6kg Fully-Automatic Front Loading Washing Machine with In-Built Heater, Anti Allergenic Programme, 15 Smart Wash Programs, 1000RPM Spin Speed, White (Marina 6010W)",3.9,Hafele,20990,6,Front Load
"IFB 8 Kg 5 Star Front Load Washing Machine 2X Power Dual Steam (SENATOR SXS 8012, Silver, Active Color Protection, Hard Water Wash)",4.5,IFB,36090,8,Front Load
"Panasonic 7.5 Kg Wifi Built-In Heater Fully-Automatic Top Loading Smart Washing Machine (NA-F75V10LRB, Silver, Compatible with Alexa)",4.4,Panasonic,26490,7.5,Top Load
"Panasonic 7.5 Kg Wifi Built-In Heater Fully-Automatic Top Loading Smart Washing Machine (NA-F75V10LRB, Silver, Compatible with Alexa)",4.4,Panasonic,26490,7.5,Top Load
"Panasonic 8 Kg Wifi Built-In Heater Fully-Automatic Top Loading Smart Washing Machine (NA-F80V10SRB, Stainless Steel, Compatible with Alexa)",4.0,Panasonic,28690,8,Top Load
"Whirlpool 8 kg Inverter Fully Automatic Front Load Washing Machine (Fresh Care 8212, White, Inbuilt Heater)",3.6,Whirlpool,30990,8,Front Load
"Panasonic 6 kg 5 Star Fully Automatic Front Loading Washing Machine (NA-106MB3L01, Grey)",4.7,Panasonic,27990,6,Front Load
"Electrolux 7.5kg 40°C Vapour Wash 5 Star EcoInverter Fully Automatic Front Load Washing Machine, Scandinavian Design for Sustainable Clothing, White, UltimateCare 300, EWF7524D3WB",5.0,ELECTROLUX,34880,7.5,Front Load
"Samsung 7 Kg Wi-Fi Inverter 5 Star Fully-Automatic Front Loading Washing Machine (WW70T502NTW/TL, White, AI Control)",4.3,Samsung,30490,7,Front Load
"Midea 6 Kg Fully Automatic Front Load Washing Machine (MF100W60/T-IN Silver, MF100 Series), Standard",3.4,Midea,23999,6,Front Load
"Oracus 8.5 Kg Semi-Automatic Top Loading Washing Machine (OSW85RR, Ruby Red)",2.6,Oracus,9390,8.5,Top Load
"Lifelong LLW08 AquaMax 8Kg Top Load Washer Only with Scrubber and 1300 RPM (2 Year Warranty on Product and 5 Years on Motor), White",3.0,Lifelong,7099,8,Top Load
