Name,Review stars,Brand,Price,Capacity,Access Location
Voltas beko 7.2 kg Semi Automatic twin tub Washing machine (WTT72) Burgundy,3.9 out of 5 stars,Voltas Beko,"8,990",NaN,NaN
"Samsung 7 Kg Inverter 5 Star Fully-Automatic Top Load Eco Bubble Washing Machine (WA70BG4441YYTL, Bubble Storm Technology, Lavender Gray)",4.2 out of 5 stars,Samsung,"17,990",Capacity 7 Kilograms,Access Location Top Load
"LG 7 Kg 5 Star Semi-Automatic Top Loading Washing Machine (P7020NGAZ, Dark Gray, Wind Jet Dry)",4.3 out of 5 stars,LG,"11,990",Capacity 7 Kilograms,Access Location Top Load
"Lg 7 Kg 5 Star Inverter Fully-Automatic Top Loading Washing Machine (T70Sksf1Z, Middle Free Silver, Turbodrum)",4.3 out of 5 stars,NaN,"17,990",NaN,NaN
"Samsung 6.0 Kg 5 Star Semi-Automatic Top Loading Washing Machine (WT60R2000LL/TL, Light Grey, Center jet technology)",4.2 out of 5 stars,NaN,"8,990",NaN,NaN
"Samsung 6.0 Kg Inverter 5 Star Fully-Automatic Front Loading Washing Machine (WW60R20GLMA/TL, White, Hygiene Steam)",4.4 out of 5 stars,Samsung,"22,490",Capacity 6 Kilograms,NaN
"Whirlpool 6.5 Kg 5 Star Royal Fully-Automatic Top Loading Washing Machine (WHITEMAGIC ROYAL 6.5 GENX, Grey, Hard Water Wash)",4.2 out of 5 stars,Whirlpool,"14,740",Capacity 6.5 Kilograms,Access Location Top Load
"Whirlpool 7 Kg 5 Star Royal Fully-Automatic Top Loading Washing Machine (WHITEMAGIC ROYAL 7.0 GENX, Grey, Hard Water Wash)",4.2 out of 5 stars,Whirlpool,"15,790",Capacity 7 Kilograms,Access Location Top Load
"Samsung 7.0 Kg 5 Star Semi-Automatic Top Loading Washing Machine (WT70M3000UU/TL, LIGHT GRAY, Double Storm Pulsator)",4.2 out of 5 stars,Samsung,"10,690",Capacity 7 Kilograms,NaN
"Whirlpool 7 Kg 5 Star Semi-Automatic Top Loading Washing Machine (SUPERB ATOM 7.0, Grey Dazzle, TurboScrub Technology)",4.3 out of 5 stars,Whirlpool,"10,240",Capacity 7 Kilograms,Access Location Top Load
Voltas Beko 9 kg Semi Automatic Twin Tub Washing machine (WTT90UDX/BKGR4KPTD) Black - ECO Model,NaN,Voltas.Beko,"11,990",NaN,NaN
"IFB 6 Kg 5 Star Front Load Washing Machine 2X Power Dual Steam (DIVA PLUS BXS 6008, White & Black, Active Color Protection, Hard Water Wash)",4.2 out of 5 stars,IFB,"22,990",Capacity 6 Kilograms,Access Location Front Load
"Samsung 7 Kg Inverter 5 Star Fully-Automatic Top Load Eco Bubble Washing Machine (WA70BG4441YYTL, Bubble Storm Technology, Lavender Gray)",4.2 out of 5 stars,Samsung,"17,990",Capacity 7 Kilograms,Access Location Top Load
"Whirlpool 6 Kg 5 Star Semi-Automatic Top Loading Washing Machine (SUPERB ATOM 60I, Grey Dazzle)",4.3 out of 5 stars,Whirlpool,"9,490",Capacity 6 Kilograms,NaN
"Onida 6.5 kg Washer Only (WS65WLPT1LR Liliput, Lava Red)",4.2 out of 5 stars,Onida,"5,590",Capacity 6.5 Kilograms,Access Location Top Load
Sansui 7 kg Semi Automatic Top Load Washing Machine JSP70S-2024L (Red) With Hexa Flow Pulsator,4.0 out of 5 stars,SANSUI,"7,890",Capacity 7 Kilograms,NaN
"Whirlpool 6 Kg 5 Star Royal Fully-Automatic Top Loading Washing Machine (WHITEMAGIC ROYAL 6.0 GENX, Satin Grey, Hard Water Wash)",4.3 out of 5 stars,Whirlpool,"14,290",Capacity 6 Kilograms,Access Location Top Load
"Samsung 6.5 Kg 5 Star Semi-Automatic Top Loading Washing Machine (WT65R2200LL/TL, Blue, Air Turbo Drying System)",4.1 out of 5 stars,Samsung,"9,990",Capacity 6.5 Kilograms,NaN
"Whirlpool 7.5 Kg 5 Star Semi-Automatic Top Loading Washing Machine (ACE 7.5 SUPREME, Grey Dazzle)",4.3 out of 5 stars,Whirlpool,"11,490",Capacity 7.5 Kilograms,NaN
"Samsung 8.5 kg 5 Star Semi-Automatic Top Loading Washing Machine (WT85B4200GG/TL, Light Grey, Air turbo drying)",4.3 out of 5 stars,Samsung,"13,490",Capacity 8.5 Kilograms,NaN
"ONIDA 8 kg 5 Star Fully Automatic Top Load Washing Machine (T80CMB, Black, Hexa Crystal Drum)",4.2 out of 5 stars,Onida,"15,790",Capacity 8 Kilograms,Access Location Top Load
"IFB 7 Kg 5 Star Front Load Washing Machine 2X Power Dual Steam (NEO DIVA BXS 7010, White & Black, Active Color Protection, Hard Water Wash)",4.3 out of 5 stars,IFB,"29,990",Capacity 7 Kilograms,NaN
"Samsung 8.5 kg 5 Star Semi-Automatic Top Loading Washing Machine (WT85B4200GG/TL, Light Grey, Air turbo drying)",4.3 out of 5 stars,Samsung,"13,490",Capacity 8.5 Kilograms,NaN
"Samsung 7 Kg Inverter 5 star Fully-Automatic Top Load Ecobubble Washing Machine (WA70BG4545BGTL, Bubble Storm & Super Speed technology, Light Gray)",4.2 out of 5 stars,Samsung,"19,490",Capacity 7 Kilograms,Access Location Top Load
"Godrej 6.5 Kg Fully-Automatic Top Loading Washing Machine (WTEON 650 AP GPGR, Graphite Grey, I-Wash Technology)",4.1 out of 5 stars,Godrej,"12,990",Capacity 6.5 Kilograms,NaN
"DMR 3 kg Portable Mini Washing Machine with Dryer Basket (DMR 30-1208, Blue) (with 1 year Free Spare Supply Warranty)",3.7 out of 5 stars,DMR,"5,499",Capacity 3 Kilograms,Access Location Top Load
Voltas beko 7.2 kg Semi Automatic twin tub Washing machine (WTT72) Burgundy,3.9 out of 5 stars,Voltas Beko,"8,990",NaN,NaN
"LG 8 Kg 5 Star Semi-Automatic Top Loading Washing Machine (P8030SRAZ, Burgundy, Collar Scrubber)",4.4 out of 5 stars,LG,"13,490",Capacity 8 Kilograms,Access Location Top Load
"IFB 6 Kg 5 Star Front Load Washing Machine 2X Power Dual Steam (DIVA AQUA SXS 6008, Silver, Active Color Protection, Hard Water Wash)",4.2 out of 5 stars,IFB,"23,790",Capacity 6 Kilograms,Access Location Front Load
"LG 7 Kg 5 Star Inverter Touch Control Fully-Automatic Front Load Washing Machine with Heater (FHM1207SDL, Silver, 6 Motion Direct Drive)",4.3 out of 5 stars,LG,"29,990",Capacity 7 Kilograms,NaN
"Whirlpool 7.5 Kg 5 Star Royal Plus Fully-Automatic Top Loading Washing Machine (WHITEMAGIC ROYAL PLUS 7.5, Grey, Hard Water Wash)",4.2 out of 5 stars,Whirlpool,"17,740",Capacity 7.5 Kilograms,Access Location Top Load
"Panasonic 7 Kg 5 Star Fully-Automatic Top Loading Washing Machine (NA-F70LF2MRB, Light Grey, 12 Wash Program, Active Foam Wash Technology, Antibacterial Water Inlet)",4.4 out of 5 stars,Panasonic,"15,990",Capacity 7 Kilograms,NaN
"IFB 6 Kg 5 Star Front Load Washing Machine 2X Power Dual Steam (DIVA AQUA BXS 6008, White & Black, Active Color Protection, Hard Water Wash)",4.2 out of 5 stars,IFB,"22,990",Capacity 6 Kilograms,NaN
"Samsung 9 Kg WiFi Enabled Inverter 5 Star Fully-Automatic Top Load Ecobubble Washing Machine (WA90BG4542BDTL, Bubble Storm technology, Dark Gray)",3.7 out of 5 stars,Samsung,"24,790",Capacity 9 Kilograms,Access Location Top Load
"Haier HWM70-AE 7Kg Top Loading Washing Machine (Moonlight Grey, Quick Wash)",4.2 out of 5 stars,Haier,"14,490",Capacity 7 Kilograms,NaN
"LG 11 kg 5 Star Semi-Automatic Top Loading Washing Machine (P1155SKAZ, Middle Black, Roller Jet Pulsator), large",4.4 out of 5 stars,LG,"19,190",Capacity 11 Kilograms,NaN
"Bosch 6 kg 5 Star Inverter Fully Automatic Front Loading Washing Machine with In - built Heater (WLJ2016WIN, White )",4.4 out of 5 stars,Bosch,"27,990",Capacity 6 Kilograms,NaN
"Onida 9.0 kg Top Load Washer Only (W90W, Lava Red)",4.2 out of 5 stars,Onida,"6,290",Capacity 9 Kilograms,Access Location Top Load
"IFB 6.5 Kg 5 Star Top Load Washing Machine Aqua Conserve (TL-RSS 6.5KG AQUA, Light Grey, Hard Water Wash, Smart Sense)",4.4 out of 5 stars,IFB,"18,590",Capacity 6.5 Kilograms,NaN
"IFB 7.0 Kg 5 Star Top Load Washing Machine Aqua Conserve (TL-RES 7.0KG AQUA, Light Grey, Hard Water Wash, Smart Sense)",4.1 out of 5 stars,IFB,"19,590",Capacity 7 Kilograms,Access Location Top Load
"Godrej 7 Kg 5 Star Fully-Automatic Top Loading Washing Machine (WTEON 700 AD 5.0 ROGR, Grey, Acu Wash Drum)",4.2 out of 5 stars,Godrej,"14,890",Capacity 7 Kilograms,Access Location Top Load
"White Westinghouse 10.5kg Ultra Smart dry Fully Automatic Front Load with In-Built Heater Washing Machine, Large (HDF1050/ WHITE/In Built Heater)",4.3 out of 5 stars,White Westinghouse (Trademark By Electrolux),"22,990",Capacity 10.5 Kilograms,NaN
"Samsung 8 Kg Inverter 5 Star Fully-Automatic Top Load Ecobubble Washing Machine (WA80BG4441BGTL, Bubble Storm Technology, Light Gray)",4.0 out of 5 stars,Samsung,"20,990",Capacity 8 Kilograms,Access Location Top Load
"IFB 6.5 Kg 5 Star Front Load Washing Machine 2X Power Dual Steam (ELENA SXS 6510, Silver, Active Colour Protection, Hard Water Wash)",4.2 out of 5 stars,IFB,"26,899",Capacity 6.5 Kilograms,NaN
"IFB 5.5 kg Fully-automatic Dryer (TURBO DRY,white,Inbuilt Heater, Allergy Free Technology",3.9 out of 5 stars,IFB,"19,490",Capacity 5.5 Kilograms,Access Location Front Load
"Samsung 7 Kg WiFi Enabled Inverter 5 Star Fully-Automatic Top Load Ecobubble Washing Machine (WA70BG4582BYTL, Hygiene Steam with in-built Heater, Lavender Gray)",4.2 out of 5 stars,Samsung,"22,290",Capacity 7 Kilograms,Access Location Top Load
Bosch 6.5 Kg 5 Star Fully Automatic Top Load Washing Machine WOE651D0IN (Dark Grey),4.0 out of 5 stars,Bosch,NaN,Capacity 6.5 Kilograms,Access Location Top Load
Bosch 8 kg 5 Star 1400RPM INVERTER TOUCH CONTROL Fully Automatic Front Load with Heater Silver  (WAJ28262IN),4.4 out of 5 stars,Bosch,"36,990",Capacity 8 Kilograms,Access Location Front Load
"Godrej 7 Kg 5 Star Fully-Automatic Top Loading Washing Machine (WTEON 700 5.0 AP GPGR, Graphite Grey)",4.1 out of 5 stars,Godrej,"13,990",Capacity 7 Kilograms,Access Location Top Load
"LG 7 Kg 5 Star Inverter Fully-Automatic Top Loading Washing Machine (T70SJMB1Z, Middle Black, Jet Spray+)",4.4 out of 5 stars,LG,"21,119",Capacity 7 Kilograms,NaN
"Bosch 6 kg 5 Star Fully Automatic Front Loading Washing Machine with In - built Heater (WLJ2016TIN, Luxe Silver )",4.5 out of 5 stars,Bosch,"28,490",Capacity 6 Kilograms,NaN
"Whirlpool 7 Kg 5 Star Royal Plus Fully-Automatic Top Loading Washing Machine (WHITEMAGIC ROYAL PLUS 7.0, Grey, Hard Water Wash)",4.3 out of 5 stars,Whirlpool,"16,990",Capacity 7 Kilograms,NaN
"IFB 6 Kg 5 Star Front Load Washing Machine 2X Power Dual Steam (DIVA AQUA BXS 6008, White & Black, Active Color Protection, Hard Water Wash)",4.2 out of 5 stars,IFB,"22,990",Capacity 6 Kilograms,NaN
"LG 6 Kg 5 Star Inverter Fully-Automatic Front Loading Washing Machine (FHM1006SDW, White, 6 Motion Direct Drive)",4.4 out of 5 stars,LG,"24,990",Capacity 6 Kilograms,NaN
"LG 7 Kg 5 Star Inverter Touch Control Fully-Automatic Front Load Washing Machine with Heater (FHM1207SDL, Silver, 6 Motion Direct Drive)",4.3 out of 5 stars,LG,"29,990",Capacity 7 Kilograms,NaN
"Whirlpool 7 Kg 5 Star Semi-Automatic Top Loading Washing Machine (SUPERB ATOM 7.0, Grey Dazzle, TurboScrub Technology)",4.3 out of 5 stars,Whirlpool,"10,240",Capacity 7 Kilograms,Access Location Top Load
"Bosch 7 kg 5 Star Inverter Touch Control Fully Automatic Front Loading Washing Machine with In - built Heater (WAJ2416SIN, Silver)",4.5 out of 5 stars,Bosch,"32,790",Capacity 7 Kilograms,Access Location Front Load
"IFB 6.5 Kg 5 Star Front Load Washing Machine 2X Power Dual Steam (ELENA SXS 6510, Silver, Active Colour Protection, Hard Water Wash)",4.2 out of 5 stars,IFB,"26,899",Capacity 6.5 Kilograms,NaN
Hilton 3 kg Single-Tub Washing Machine with Spin Dryer Portable Single Tub Washer - The Laundry Alternative Portable Clothes Washer Travel Washing Machine With Spin Dryer (BLUE),3.8 out of 5 stars,Hilton,"4,989",Capacity 3 Kilograms,NaN
"AmazonBasics 6 Kg Fully Automatic Top Loading Washing Machine, Grey",3.8 out of 5 stars,AmazonBasics,"13,290",Capacity 6 Kilograms,Access Location Top Load
"Marvella Mini Foldable Top Load Washing Machine Portable, Small Automatic Cleaning Washer with Capacity of 2 kg, Multicolour",3.0 out of 5 stars,Marvella,"4,299",NaN,Access Location Top Load
Sansui 6.5 kg Fully Automatic Top Load Washing Machine JSP65FTL- 2024B (Ash Grey) With Fuzzy Logic,3.3 out of 5 stars,SANSUI,"12,490",Capacity 6.5 Kilograms,Access Location Top Load
"LG 7 kg Inverter Fully-Automatic Top Loading Washing Machine (T70SPSF2Z, Middle Free Silver)",4.4 out of 5 stars,LG,NaN,Capacity 7 Kilograms,NaN
"LG 10 Kg 5 Star Smart Inverter Fully-Automatic Top Load Washing Machine (T10SJMB1Z, Middle Black, TurboDrum | Jet Spray+)",4.3 out of 5 stars,LG,"27,990",Capacity 10 Kilograms,Access Location Top Load
"IFB 5.5 kg Fully-automatic Dryer (TURBO DRY EX, Silver, Wall Mountable,Anti crease)",3.8 out of 5 stars,IFB,"20,690",Capacity 5.5 Kilograms,Access Location Front Load
"Samsung 8 Kg Inverter 5 star Fully-Automatic Top Load Ecobubble Washing Machine (WA80BG4545BYTL, Bubble Storm & Super Speed technology, Lavender Gray)",4.0 out of 5 stars,Samsung,"21,990",Capacity 8 Kilograms,Access Location Top Load
"Intex 6.5 KG Semi Automatic Top Loading Washing Machine with Air Dry Technology (Transparent Lid, Blue and White, SA65NBPT)",NaN,INTEX,"7,890",Capacity 6.5 Kilograms,NaN
"IFB 8 Kg 5 Star Front Load Washing Machine 2X Power Dual Steam (Senator VSS 8012, White & Black, Active Color Protection, Hard Water Wash)",4.2 out of 5 stars,IFB,"34,490",Capacity 8 Kilograms,Access Location Front Load
Whirlpool 7.5 Kg 5 Star Semi-Automatic Top Loading Washing Machine (ACE 7.5 TRB DRY MAX GREY DAZZELE(5YR)),4.5 out of 5 stars,Whirlpool,"12,740",Capacity 7.5 Kilograms,Access Location Top Load
"LG 8 Kg 5 Star Inverter Touch panel Fully-Automatic Front Load Washing Machine with In-Built Heater (FHM1408BDM, Middle Black, Steam for Hygiene Wash)",4.4 out of 5 stars,LG,"34,990",Capacity 8 Kilograms,Access Location Front Load
"IFB 7 Kg 5 Star Front Load Washing Machine 2X Power Dual Steam (NEO DIVA BXS 7010, White & Black, Active Color Protection, Hard Water Wash)",4.3 out of 5 stars,IFB,"29,990",Capacity 7 Kilograms,NaN
"Godrej 6.5 Kg 5 Star Fully-Automatic Top Loading Washing Machine (WTEON 650 AD 5.0 ROGR, Grey, Acu Wash Drum)",4.2 out of 5 stars,Godrej,"14,790",Capacity 6.5 Kilograms,NaN
"Hisense 6.0 Kg Fully-Automatic Front Loading Washing Machine (WFVB6010MS, Silver, Steam Wash, Built in Heater ), Silver",3.7 out of 5 stars,Hisense,"19,990",Capacity 6 Kilograms,NaN
"Samsung 8 Kg 5 Star AI Control & Wi-Fi, Fully-Automatic Front Loading Washing Machine (WW80T504DAB1TL, Black Caviar, Digital Inverter)",4.3 out of 5 stars,Samsung,"36,990",Capacity 8 Kilograms,Access Location Front Load
"iFFALCON 7 Kg Fully-Automatic Front Load Washing Machine with In-built Heater (FWF70-G123061A03S, Silver, Honey Comb Crystal Drum, 16 Wash Program)",3.5 out of 5 stars,iFFALCON,"16,990",Capacity 7 Kilograms,Access Location Front Load
"Samsung 8.0 Kg Semi-Automatic 5 Star Top Loading Washing Machine (WT80R4000RG/TL, Light Grey, Wine Red Lid (Opaque), Hexa Storm Pulsator)",4.3 out of 5 stars,Samsung,"12,990",Capacity 8 Kilograms,Access Location Top Load
"Whirlpool 7.5 Kg 5 Star Semi-Automatic Top Loading Washing Machine (ACE 7.5 SUPREME, Grey Dazzle)",4.3 out of 5 stars,Whirlpool,"11,490",Capacity 7.5 Kilograms,NaN
"Whirlpool 6 Kg 5 Star Semi-Automatic Top Loading Washing Machine (SUPERB ATOM 60I, Grey Dazzle)",4.3 out of 5 stars,Whirlpool,"9,490",Capacity 6 Kilograms,NaN
"Whirlpool 9 Kg 5 Star Semi-Automatic Top Loading Washing Machine (ACE XL 9, Graphite Grey, 3D Scrub Technology)",4.1 out of 5 stars,Whirlpool,"15,990",Capacity 9 Kilograms,Access Location Top Load
"Bosch 8 kg 5 Star Touch Control Fully Automatic Front Load with Heater (WAJ2426AIN, White)",4.4 out of 5 stars,Bosch,"33,490",Capacity 8 Kilograms,Access Location Front Load
"Whirlpool 7.5 Kg 5 Star Fully-Automatic Top Loading Washing Machine with In-Built Heater (360 BLOOMWASH PRO (540) H 7.5, Graphite, Hexa Bloom Impeller)",4.1 out of 5 stars,Whirlpool,"22,990",Capacity 7.5 Kilograms,Access Location Top Load
"Whirlpool 10.5 kg 5 Star Semi-Automatic Top Loading Washing Machine (ACE XL 10.5, Graphite Grey, 3D Scrub Technology)",4.4 out of 5 stars,Whirlpool,"17,990",Capacity 10.5 Kilograms,NaN
"Whirlpool 7 KG 5 Star, Supersoak Technology Semi Automatic Top Load Washing Machine (ACE 7.0 SUPREME PRO (CORAL RED))",2.9 out of 5 stars,Whirlpool,"11,999",NaN,NaN
"Samsung 7 Kg 5 Star Inverter, Hygiene Steam Fully-Automatic Front Loading Washing Machine (WW70T4020EE1TL, White, Diamond Drum)",4.3 out of 5 stars,Samsung,"27,990",Capacity 7 Kilograms,NaN
"IFB 8 Kg 5 Star Front Load Washing Machine 2X Power Dual Steam (SENATOR WSS 8014, Silver, Active Colour Protection, Hard Water Wash)",4.2 out of 5 stars,IFB,"37,000",Capacity 8 Kilograms,Access Location Front Load
"Panasonic 6.5 kg 5 Star Semi-Automatic Top Loading Washing Machine (NA-W65E5ARB, Blue, Powerful Motor, Active Foam System, Effective Wash Pulsator )",4.1 out of 5 stars,Panasonic,"9,290",Capacity 6.5 Kilograms,NaN
"IFB 7.0 Kg 5 Star Top Load Washing Machine Aqua Conserve (TL-RES 7.0KG AQUA, Light Grey, Hard Water Wash, Smart Sense)",4.1 out of 5 stars,IFB,"19,590",Capacity 7 Kilograms,Access Location Top Load
"Samsung 6.5 Kg 5 Star Semi-Automatic Top Loading Washing Machine (WT65R2200LL/TL, Blue, Air Turbo Drying System)",4.1 out of 5 stars,Samsung,"9,990",Capacity 6.5 Kilograms,NaN
"Intex 7.5 KG Semi AutomaticTop Loading Washing Machine (Transparent Lid, Grey and White, SA75GRPT)",NaN,INTEX,"8,790",Capacity 7.5 Kilograms,NaN
"Intex 7 KG Semi Automatic Top Loading Washing Machine (Transparent Lid, Navy Blue and White, SA70NBPT)",NaN,INTEX,"8,490",Capacity 7 Kilograms,Access Location Top Load
DMR Model No DMR 46-1218 Single Tub Portable Mini 4.6 Kg Washing Machine with 2 kg Steel Dryer Basket (Blue),3.7 out of 5 stars,DMR,"7,106",Capacity 4.6 Kilograms,NaN
"LG 10 kg 5 Star Semi-Automatic Top Loading Washing Machine (P1050SRAZ, Burgundy, Wind Jet Dry), Large",4.2 out of 5 stars,LG,"18,990",Capacity 10 Kilograms,NaN
"LG 8.5 Kg 5 Star Semi-Automatic Top Loading Washing Machine (P8535SPMZ, Purple, Roller Jet Pulsator), Large",4.2 out of 5 stars,LG,NaN,Capacity 8.5 Kilograms,NaN
"IFB 8 Kg 5 Star Front Load Washing Machine 2X Power Dual Steam (SENATOR WSS 8014, Silver, Active Colour Protection, Hard Water Wash)",4.2 out of 5 stars,IFB,"37,000",Capacity 8 Kilograms,Access Location Front Load
"AmazonBasics 7 kg Semi Automatic Washing Machine (with Heavy wash function, White/Blue color)",3.9 out of 5 stars,AmazonBasics,"9,990",Capacity 7 Kilograms,Access Location Front Load
"Panasonic 6.7 kg Built-in Heater Fully-Automatic Top Loading Washing Machine (NA-F67BH8MRB,Middle free silver,Active Foam System) with Water Reuse",4.3 out of 5 stars,Panasonic,"16,990",Capacity 6.7 Kilograms,Access Location Top Load
"Whirlpool 10.5 kg 5 Star Semi-Automatic Top Loading Washing Machine (ACE XL 10.5, Graphite Grey, 3D Scrub Technology)",4.4 out of 5 stars,Whirlpool,"17,990",Capacity 10.5 Kilograms,NaN
"LG 6 Kg 5 Star Semi-Automatic Top Loading Washing Machine (P6001RGZ, Dark Grey, Roller Jet Pulsator), Large",4.0 out of 5 stars,LG,"11,290",Capacity 6 Kilograms,NaN
"Intex 8.5 KG Semi Automatic Top Loading Washing Machine with Covered Panel Full Glass Toughned Lid (Premium Design,Dark Black-Grey-Orange, SA80BLFG)",NaN,INTEX,"12,990",Capacity 8.5 Kilograms,Access Location Top Load
"AmazonBasics 7 Kg Fully Automatic Top Loading Washing Machine, Grey",3.8 out of 5 stars,AmazonBasics,"14,290",Capacity 7 Kilograms,Access Location Top Load
"AmazonBasics 8.5 kg Top Load Washing Machine (Grey/Black, Full Metal body, LED Display)",4.0 out of 5 stars,AmazonBasics,"16,990",Capacity 8.5 Kilograms,Access Location Top Load
"LG 8.0 Kg Inverter Fully-Automatic Top Loading Washing Machine (T80SJSF1Z, Middle Free Silver)",4.4 out of 5 stars,LG,"23,450",Capacity 8 Kilograms,Access Location Top Load
"LG 8.5 kg 5 Star Semi-Automatic Top Load Washing Machine (P8535SKMZ, Middle Black, Roller Jet Pulsator)",4.4 out of 5 stars,LG,"16,250",Capacity 8.5 Kilograms,Access Location Top Load
"Whirlpool 6.5 Kg 5 Star Fully-Automatic Top Loading Washing Machine with In-Built Heater (STAINWASH PRO H 6.5, Shiny Grey)",4.2 out of 5 stars,Whirlpool,"19,980",Capacity 6.5 Kilograms,Access Location Top Load
"Whirlpool 9.5 Kg 5 Star Inverter Fully Automatic Top Loading Washing Machine (360 BW PRO INV H 9.5 GRAPHITE, Graphite Grey, With Inbuilt Heater)",3.9 out of 5 stars,Whirlpool,"24,960",Capacity 9.5 Kilograms,Access Location Top Load
"Havells-Lloyd 7.5 Kg Semi Automatic Top Load Washing Machine (LWMS75RA1 Red, Active Soak)",4.2 out of 5 stars,NaN,"10,190",NaN,NaN
DMR-DO-55A Semi-Automatic 5 kg Spin Dryer (Only Drying- No Washing),4.7 out of 5 stars,DMR,"5,799",Capacity 5 Kilograms,Access Location Top Load
"Bosch 6Kg 5 Star Touch Control Fully Automaic Front Loading Washing Machine With Heater (WLJ 16061IN, White)",4.2 out of 5 stars,Bosch,"26,790",Capacity 6 Kilograms,Access Location Front Load
"Samsung 7.0 Kg 5 Star Semi-Automatic Top Loading Washing Machine (WT70M3000UU/TL, LIGHT GRAY, Double Storm Pulsator)",4.2 out of 5 stars,Samsung,"10,690",Capacity 7 Kilograms,NaN
"Panasonic 6.5 kg 5 Star Semi-Automatic Top Loading Washing Machine (NA-W65E5ARB, Blue, Powerful Motor, Active Foam System, Effective Wash Pulsator )",4.1 out of 5 stars,Panasonic,"9,290",Capacity 6.5 Kilograms,NaN
"Intex 6.5 KG Semi Automatic Top Loading Washing Machine with Premium Glass Lid (Wave Pulsator, Blue and White, SA65NBHG)",NaN,INTEX,"8,990",Capacity 6.5 Kilograms,NaN
"Intex 8 KG Semi Automatic Top Loading Washing Machine with Air Dry Technology (Transparent Lid, Burgundy, SA80FBPT)",NaN,INTEX,"10,290",Capacity 8 Kilograms,NaN
DMR SHB-46 Shoes Washing Machine (Also suitable for cloths - 4.6 kg washing and 2 kg spin drying the cloths),3.7 out of 5 stars,DMR,"6,499",Capacity 4.6 Kilograms,NaN
"Bosch 8 kg 5 Star Inverter Touch Control Fully Automatic Front Loading Washing Machine with In- built Heater (WAJ2426MIN,White)",4.4 out of 5 stars,Bosch,"34,990",Capacity 8 Kilograms,Access Location Front Load
"Samsung 8 Kg Inverter 5 Star Fully-Automatic Top Load Ecobubble Washing Machine (WA80BG4441BGTL, Bubble Storm Technology, Light Gray)",4.0 out of 5 stars,Samsung,"20,990",Capacity 8 Kilograms,Access Location Top Load
"LG 7.5 Kg 5 Star Smart Inverter Fully-Automatic Top Load Washing Machine (T75SKSF1Z, Middle Free Silver, TurboDrum | Smart Motion)",4.2 out of 5 stars,LG,NaN,Capacity 7.5 Kilograms,NaN
"LG 8 Kg 5 Star Inverter Wi-Fi Fully-Automatic Front Loading Washing Machine with Inbuilt heater (FHP1208Z5M, Middle Black, AI DD Technology & Steam for Hygiene)",4.6 out of 5 stars,LG,NaN,Capacity 8 Kilograms,NaN
Voltas Beko 9 kg Semi Automatic Twin Tub Washing machine (WTT90UDX/BKGR4KPTD) Black - ECO Model,NaN,Voltas.Beko,"11,990",NaN,NaN
"Godrej 7 Kg 5 Star Fully-Automatic Top Loading Washing Machine with In Built Heater (WTEON ADR 70 5.0 FDTH GPGR, Graphite Grey)",3.9 out of 5 stars,Godrej,"17,990",Capacity 7 Kilograms,NaN
"IFB 6.5 Kg 5 Star Top Load Washing Machine Aqua Conserve (TL-REWS 6.5KG AQUA, White, 2X Power Dual Steam, Inbuilt Heater)",4.3 out of 5 stars,IFB,"19,990",Capacity 6.5 Kilograms,Access Location Top Load
"Godrej 6.5 Kg Fully-Automatic Top Loading Washing Machine (WTEON 650 AP GPGR, Graphite Grey, I-Wash Technology)",4.1 out of 5 stars,Godrej,"12,990",Capacity 6.5 Kilograms,NaN
Hilton 3 kg Single-Tub Washing Machine with Spin Dryer Portable Single Tub Washer - The Laundry Alternative Portable Clothes Washer Travel Washing Machine With Spin Dryer (BLUE),3.8 out of 5 stars,Hilton,"4,989",Capacity 3 Kilograms,NaN
"Intex 6.5 KG Semi Automatic Top Loading Washing Machine with Air Dry Technology (Transparent Lid, Blue and White, SA65NBPT)",NaN,INTEX,"7,890",Capacity 6.5 Kilograms,NaN
"ONIDA 8 kg 5 Star Fully Automatic Top Load Washing Machine (T80CMB, Black, Hexa Crystal Drum)",4.2 out of 5 stars,Onida,"15,790",Capacity 8 Kilograms,Access Location Top Load
"RedClub Portable Handy Washing Machine, Copper Coil Motor with 1 Year Warranty",4.2 out of 5 stars,RedClub,"2,399",NaN,NaN
"DMR Portable Semi Automatic Top-Loading Mini Washing Machine 3 kg -With Dryer Basket (DMR 30-1208 (W2Yr), Blk)",3.8 out of 5 stars,DMR,"5,799",Capacity 3 Kilograms,Access Location Top Load
"Roky Mini Foldable Washing Machine, Portable Washing Machine - Ultrasonic Cleaning Machine, Folding Mini Laundry, Small Automatic USB Powered Cleaning Washer for Travel Home Business Trip",5.0 out of 5 stars,Roky,"3,499",NaN,NaN
DMR 3kg Portable Washing Machine - Only Washer (No Dryer) - Model DMR OW-30,4.2 out of 5 stars,DMR,"4,990",NaN,Access Location Top Load
Voltas Beko WTT140ABRT 14 kg Semi Automatic Washing Machine (Burgandy),4.3 out of 5 stars,Voltas Beko,"17,440",Capacity 14 Kilograms,Access Location Top Load
"Whirlpool 6.5 Kg 5 Star Royal Fully-Automatic Top Loading Washing Machine (WHITEMAGIC ROYAL PLUS 6.5, Grey, In-Built Heater)",4.2 out of 5 stars,Whirlpool,"17,950",Capacity 6.5 Kilograms,Access Location Top Load
"AmazonBasics 6 Kg Fully Automatic Top Loading Washing Machine, Grey",3.8 out of 5 stars,AmazonBasics,"13,290",Capacity 6 Kilograms,Access Location Top Load
"Godrej 7 Kg 5 Star Fully-Automatic Top Loading Washing Machine (WTEON 700 5.0 AP GPGR, Graphite Grey)",4.1 out of 5 stars,Godrej,"13,990",Capacity 7 Kilograms,Access Location Top Load
"Electrolux 9kg 5 Star UltraMix with 40°C Vapour Wash EcoInverter Fully Automatic Front Load Washing Machine, Scandinavian Design, Woolmark Certified, No Detergent Residue, White, UltimateCare 500, EWF9024R5WB",5.0 out of 5 stars,ELECTROLUX,"49,880",Capacity 9 Kilograms,Access Location Front Load
"Electrolux 8kg 5 Star UltraMix with 40°C Vapour Wash EcoInverter Fully Automatic Front Load Washing Machine, Scandinavian Design, Woolmark Certified, White, UltimateCare 500, EWF8024R5WB",5.0 out of 5 stars,ELECTROLUX,"44,880",Capacity 8 Kilograms,Access Location Front Load
VOLTAS BEKO 7 Kg 5 Star Semi-Automatic Top Loading Washing Machine WTT70ALIM (Burgundy),4.0 out of 5 stars,Voltas Beko,"10,900",Capacity 7 Kilograms,Access Location Top Load
"Haier 6.5 Kg Semi-Automatic Top Loading Washing Machine with 1300 RPM, Rust Free Cabinet (HTW65-187BO, Burgundy)",4.0 out of 5 stars,Haier,"10,590",Capacity 6.5 Kilograms,Access Location Top Load
"LG 7 Kg 5 Star Inverter Fully-Automatic Front Loading Washing Machine with Inbuilt heater (FHV1207Z2W, Blue White, AI DD Technology & Steam for Hygiene)",4.4 out of 5 stars,LG,"31,990",Capacity 7 Kilograms,NaN
"Samsung 7 Kg 5 Star AI Control & Wi-Fi, Fully-Automatic Front Loading Washing Machine (WW70T502NTW1TL, White, Digital Inverter)",4.3 out of 5 stars,Samsung,"30,490",Capacity 7 Kilograms,NaN
"LG 10 kg 5 Star Semi-Automatic Top Loading Washing Machine (P1055SGAZ, Dark Gray, Wind Jet Dry), Large",4.6 out of 5 stars,LG,"18,090",Capacity 10 Kilograms,NaN
"LG 7 Kg 5 Star Semi-Automatic Top Loading Washing Machine (P7010NBAZ, Dark Blue)",4.4 out of 5 stars,LG,NaN,Capacity 7 Kilograms,NaN
"IFB 6 Kg 5 Star Front Load Washing Machine 2X Power Dual Steam (DIVA PLUS BXS 6008, White & Black, Active Color Protection, Hard Water Wash)",4.2 out of 5 stars,IFB,"22,990",Capacity 6 Kilograms,Access Location Front Load
Bosch 7 kg 5 Star 1000RPM INVERTER TOUCH CONTROL Fully Automatic Front Load with Heater White(WAJ2006EIN),4.4 out of 5 stars,Bosch,"30,990",Capacity 7 Kilograms,Access Location Front Load
"White Westinghouse (Trademark By Electrolux) 8 kg Semi Automatic Top loading washing machine ( CSW8000, Grey )",4.0 out of 5 stars,White Westinghouse (Trademark by Electrolux),"9,499",Capacity 8 Kilograms,NaN
"White Westinghouse 7.5 kg Semi Automatic Top loading washing machine ( CSW7500, Maroon )",3.9 out of 5 stars,White Westinghouse (Trademark by Electrolux),"7,990",Capacity 7.5 Kilograms,Access Location Top Load
"IFB 7 Kg 5 Star Front Load Washing Machine 2X Power Dual Steam (SERENA ZSS 7010, Silver & Black, Active Color Protection, Hard Water Wash)",4.3 out of 5 stars,IFB,"34,290",Capacity 7 Kilograms,Access Location Front Load
"LG 9 Kg 5 Star Inverter Wi-Fi Fully-Automatic Front Loading Washing Machine with Inbuilt heater (FHV1409Z4M, Middle Black, AI DD Technology & Steam for Hygiene)",4.2 out of 5 stars,LG,"44,990",Capacity 9 Kilograms,NaN
"Bosch 7 kg 5 Star Inverter Touch Control Fully Automatic Front Loading with In-built Heater (WAJ2416WIN, White)",4.4 out of 5 stars,Bosch,"32,490",Capacity 7 Kilograms,NaN
"IFB 6.5 Kg 5 Star Front Load Washing Machine 2X Power Dual Steam (SENORITA SXS 6510, Silver & Black, Active Color Protection, Hard Water Wash)",4.2 out of 5 stars,IFB,"29,990",Capacity 6.5 Kilograms,Access Location Front Load
"White Westinghouse 9 kg Semi Automatic Top loading washing machine ( CSW9000, Grey )",4.0 out of 5 stars,White Westinghouse (Trademark by Electrolux),"10,499",Capacity 9 Kilograms,Access Location Top Load
"LG 7 kg 5 Star Semi-Automatic Top Loading Washing Machine (P7010RRAZ, Burgundy, Roller Jet Pulsator), Large",4.4 out of 5 stars,LG,NaN,Capacity 7 Kilograms,NaN
"Voltas Beko 7 Kg Semi-Automatic Top Loading Washing Machine (WTT70ALIM, Burgundy Qpaque)",3.8 out of 5 stars,Voltas Beko,"9,700",Capacity 7 Kilograms,Access Location Top Load
Haier 8.5 kg 5 Star Rating Semi Automatic Top load Washing Machine,3.0 out of 5 stars,Haier,"12,690",Capacity 8.5 Kilograms,NaN
"Godrej 7 Kg 5 Star Fully-Automatic Top Loading Washing Machine (WTEON 700 AD 5.0 ROGR, Grey, Acu Wash Drum)",4.2 out of 5 stars,Godrej,"14,890",Capacity 7 Kilograms,Access Location Top Load
"Amazon Basics 7.5 Kg Fully Automatic Top Loading Washing Machine, Grey",3.8 out of 5 stars,NaN,"15,790",NaN,NaN
"Intex 7.5 KG Semi Automatic Top Loading Washing Machine with Toughened Glass Lid (Modern Design, Dark Black-Grey-Orange, SA75DBHG)",NaN,INTEX,"9,490",Capacity 7.5 Kilograms,NaN
"Electrolux 9kg 5 Star 40°C Vapour Wash EcoInverter Fully Automatic Front Load Washing Machine, Scandinavian Design for Sustainable Clothing, White, UltimateCare 300, EWF9024D3WB",5.0 out of 5 stars,ELECTROLUX,"45,590",Capacity 9 Kilograms,Access Location Front Load
"Godrej 8 Kg 5 Star Semi-Automatic Top Loading Washing Machine (WSEDGE ULT 80 5.0 DB2M CSBK, Crystal Black, Tri-Roto Scrub Pulsator)",4.2 out of 5 stars,Godrej,"14,390",Capacity 8 Kilograms,NaN
"Intex 7.5 KG Semi AutomaticTop Loading Washing Machine (Transparent Lid, Grey and White, SA75GRPT)",NaN,INTEX,"8,790",Capacity 7.5 Kilograms,NaN
"Havells-Lloyd 7 kg Fully Automatic Front load washing machine (LWMF70WX3 White, 90° Self Clean)",4.3 out of 5 stars,Lloyd,"25,990",Capacity 7 Kilograms,Access Location Front Load
Panasonic NA-F70C1CRB 7.0 Kg Fully Automatic Washing Machine Red,5.0 out of 5 stars,Panasonic,NaN,NaN,NaN
"LG 9Kg 5 Star Top Load Washing Machine Spin 6.5Kg, Rust Free Body, Roller Jet Pulsator, Wind Jet Dry, Grey, P9041SGAZ",4.7 out of 5 stars,LG,"17,099",Capacity 9 Kilograms,Access Location Top Load
"LG 9 Kg 5 Star Inverter Wi-Fi Fully-Automatic Top Loading Washing Machine (THD09NWM, Middle Black, AIDD Technology & TurboWash)",3.7 out of 5 stars,LG,"26,970",Capacity 9 Kilograms,NaN
"Candes 6.5 kg Semi Automatic Top Load Washing Machine (3 Wash Program, Heavy Moter, Low Water Consumption, 5 Year Warranty on Moter), Maroon White (CTPL65PLSWM)",3.5 out of 5 stars,Candes,"7,490",Capacity 6.5 Kilograms,NaN
"IFB 9 Kg 5 Star Front Load Washing Machine 2X Power Dual Steam (EXECUTIVE PLUS MXS, Mocha, Active Colour Protection, Hard Water Wash)",5.0 out of 5 stars,IFB,"43,430",Capacity 9 Kilograms,NaN
"White Westinghouse 9 kg Semi Automatic Top loading washing machine ( CSW9000, Grey )",4.0 out of 5 stars,White Westinghouse (Trademark by Electrolux),"10,499",Capacity 9 Kilograms,Access Location Top Load
"IFB 6.5 Kg 5 Star Top Load Washing Machine Aqua Conserve (TL-REWS 6.5KG AQUA, White, 2X Power Dual Steam, Inbuilt Heater)",4.3 out of 5 stars,IFB,"19,990",Capacity 6.5 Kilograms,Access Location Top Load
"IFB 6.5 Kg 5 Star Front Load Washing Machine 2X Power Dual Steam (ELENA ZSS 6510, Silver & Black, Active Color Protection, Hard Water Wash)",4.2 out of 5 stars,IFB,"31,890",Capacity 6.5 Kilograms,Access Location Front Load
"Whirlpool 8.5 kg 5 Star Semi-Automatic Top Loading Washing Machine (ACE 8.5 TRB DRY GREY DAZZLE (10YR)-N, Grey Dazzle, 2x Drying Power)",4.4 out of 5 stars,Whirlpool,"13,590",Capacity 8.5 Kilograms,Access Location Top Load
"Godrej 8.5 Kg 5 Star Semi-Automatic Top Loading Washing Machine, more than 99.99% disinfection against viruses, In-built Heater (WSEDGE DIGI 85 5.0 PB2 M GPGR, Graphite Grey) (52141601SD00341)",4.4 out of 5 stars,Godrej,"14,290",Capacity 8.5 Kilograms,Access Location Top Load
"IFB 5.5 kg Fully-automatic Dryer (TURBO DRY EX, Silver, Wall Mountable,Anti crease)",3.8 out of 5 stars,IFB,"20,690",Capacity 5.5 Kilograms,Access Location Front Load
"Oracus 7.5 Kg Semi-Automatic Top Loading Washing Machine (OSW75BL,Purple)",3.3 out of 5 stars,Oracus,"8,090",Capacity 7.5 Kilograms,Access Location Top Load
"White Westinghouse 7.5 kg Semi Automatic Top loading washing machine ( CSW7500, Maroon )",3.9 out of 5 stars,White Westinghouse (Trademark by Electrolux),"7,990",Capacity 7.5 Kilograms,Access Location Top Load
"Bosch 8 Kg Fully Automatic Front Load Washing Machine (WAJ2846SIN, Silver)",4.5 out of 5 stars,Bosch,NaN,Capacity 8 Kilograms,Access Location Front Load
"LG 9 kg 5 Star Semi-Automatic Top Loading Washing Machine (P9040RGAZ, Grey, Lint collector)",4.5 out of 5 stars,LG,"17,490",Capacity 9 Kilograms,NaN
"Panasonic 7 Kg 5 Star Fully-Automatic Top Loading Washing Machine (NA-F70LF2MRB, Light Grey, 12 Wash Program, Active Foam Wash Technology, Antibacterial Water Inlet)",4.4 out of 5 stars,Panasonic,"15,990",Capacity 7 Kilograms,NaN
"Marvella Mini Foldable Top Load Washing Machine Portable, Small Automatic Cleaning Washer with Capacity of 2 kg, Multicolour",3.0 out of 5 stars,Marvella,"4,299",NaN,Access Location Top Load
"IFB 7 Kg 5 Star Front Load Washing Machine 2X Power Dual Steam (ELITE ZLS 7012, Yellow, Active Colour Protection, Hard Water Wash)",3.4 out of 5 stars,IFB,"36,800",Capacity 7 Kilograms,NaN
"Electrolux 7.5kg 40°C Vapour Wash 5 Star EcoInverter Fully Automatic Front Load Washing Machine, Scandinavian Design for Sustainable Clothing, White, UltimateCare 300, EWF7524D3WB",5.0 out of 5 stars,ELECTROLUX,"34,880",Capacity 7.5 Kilograms,Access Location Front Load
"Whirlpool 7.5 kg  5 Star Inverter Fully-Automatic Top Loading Washing Machine with In-Built Heater (360 Bloomwash PRO INV H, Graphite, Intellisense Inverter Motor)",4.0 out of 5 stars,Whirlpool,"25,490",Capacity 7.5 Kilograms,NaN
"LG 6.5 Kg 5 Star Smart Inverter Fully-Automatic Top Loading Washing Machine (T65SKSF1Z, Middle Free Silver) 2020",4.2 out of 5 stars,LG,"18,590",Capacity 6.5 Kilograms,NaN
"LG 8.5 kg 5 Star Semi-Automatic Top Load Washing Machine (P8530SRAZ, Burgundy, Roller Jet Pulsator)",4.4 out of 5 stars,LG,NaN,Capacity 8.5 Kilograms,Access Location Top Load
"Godrej 8 Kg 5 Star Semi-Automatic Top Loading Washing Machine (WSEDGE CLS 80 5.0 PN2 M WNRD, Wine Red)",4.0 out of 5 stars,Godrej,"11,990",Capacity 8 Kilograms,NaN
"IFB 6 Kg 5 Star Front Load Washing Machine 2X Power Dual Steam (NEO DIVA VXS 6010, White, Active Color Protection, Hard Water Wash)",4.0 out of 5 stars,IFB,"26,750",Capacity 6 Kilograms,Access Location Front Load
"Whirlpool 10.5 Kg Semi-Automatic Top Loading Washing Machine (Ace XL 10.5 Heater, Grey)",4.5 out of 5 stars,Whirlpool,NaN,Capacity 10.5 Kilograms,Access Location Top Load
"Whirlpool 8.5 Kg 5 Star Semi-Automatic Top Loading Washing Machine (ACE 8.5 TURBO DRY, Purple Dazzle)",4.2 out of 5 stars,Whirlpool,NaN,Capacity 8.5 Kilograms,NaN
"IFB 7 Kg 5 Star Fully-Automatic Top Loading Washing Machine (TL-RGS Aqua, Grey,Auto Imbalance System,3D Wash Technology)",4.3 out of 5 stars,IFB,"22,490",Capacity 7 Kilograms,Access Location Top Load
"Godrej 8 Kg 5 Star Semi-Automatic Top Loading Washing Machine (WSEDGE CLS 80 5.0 PN2 M WNRD, Wine Red)",4.0 out of 5 stars,Godrej,"11,990",Capacity 8 Kilograms,NaN
"Godrej 8 Kg 5 Star Semi-Automatic Top Loading Washing Machine (WSEDGE ULT 80 5.0 DB2M CSBK, Crystal Black, Tri-Roto Scrub Pulsator)",4.2 out of 5 stars,Godrej,"14,390",Capacity 8 Kilograms,NaN
"IFB 8 Kg 5 Star Front Load Washing Machine 2X Power Dual Steam (Senator VSS 8012, White & Black, Active Color Protection, Hard Water Wash)",4.2 out of 5 stars,IFB,"34,490",Capacity 8 Kilograms,Access Location Front Load
"Godrej 7.2 Kg Semi-Automatic Top Loading Washing Machine (WS EDGE CLS 7.2 PN2 M WNRD, Wine Red)",4.2 out of 5 stars,Godrej,NaN,Capacity 7.2 Kilograms,NaN
Attractive Portable Handy Bucket Mini Washing Machine with 350 WATT. Multicolor for Instant Washing Cloths,3.3 out of 5 stars,Generic,"2,349",NaN,NaN
"VENUS Portable Handy HWM Washing Machine Door Hinge (166x150x420 mm, White)",3.1 out of 5 stars,VENUS,"2,659",NaN,NaN
"IFB 5.5 kg Fully-automatic Dryer (TURBO DRY,white,Inbuilt Heater, Allergy Free Technology",3.9 out of 5 stars,IFB,"19,490",Capacity 5.5 Kilograms,Access Location Front Load
"Bosch 6.5 Kg 5 Star Inverter Fully Automatic Top Load Washing Machine (WOI653S0IN, Silver, Anti tangle)",3.9 out of 5 stars,Bosch,NaN,Capacity 6.5 Kilograms,Access Location Top Load
"IFB 11.0 Kg 5 Star Top Load Washing Machine Aqua Conserve (TL-SIBS 11.0KG AQUA, Inox, Power Dual Steam, Inbuilt Heater)",3.8 out of 5 stars,IFB,"34,299",Capacity 11 Kilograms,Access Location Top Load
"LG 7 Kg 5 Star Inverter Wi-Fi Fully-Automatic Front Load Washing Machine with In-Built Heater (FHV1207Z4M, Middle Black, AI DD Technology & Steam for Hygiene Wash)",3.9 out of 5 stars,LG,"33,390",Capacity 7 Kilograms,Access Location Front Load
"IFB 7.0 Kg Fully-Automatic Top Loading Washing Machine (TL-SPGS 7.0 KG Aqua, Medium Grey, 2X Power Steam, In-built Heater)",3.0 out of 5 stars,NaN,"25,890",NaN,NaN
"IFB 6.5 kg Fully-Automatic Top Loading Washing Machine (TL-RBR 6.5Kg Aqua, Brown, Hard Water Wash, Smart Sense)",NaN,IFB,"22,790",Capacity 6.5 Kilograms,NaN
"Electrolux 8kg 5 Star 40°C Vapour Wash EcoInverter Fully Automatic Front Load Washing Machine, Scandinavian Design for Sustainable Clothing, White, UltimateCare 300, EWF8024D3WB",5.0 out of 5 stars,ELECTROLUX,"40,690",Capacity 8 Kilograms,Access Location Front Load
"Samsung 8.5 kg 5 Star Semi-Automatic Top Loading Washing Machine (WT85R4000LL/TL, Blue, Air turbo drying)",4.3 out of 5 stars,Samsung,"13,790",Capacity 8.5 Kilograms,NaN
"IFB 6.5 Kg 5 Star Front Load Washing Machine 2X Power Dual Steam (SENORITA VXS 6510, White & Black, Active Colour Protection, Hard Water Wash)",4.4 out of 5 stars,IFB,"29,390",Capacity 6.5 Kilograms,Access Location Front Load
AMAZOR Lint Filter for Fully Automatic LG Washing Machine - Set of 2,4.4 out of 5 stars,NaN,165,NaN,NaN
"IFB 6 Kg 5 Star Front Load Washing Machine 2X Power Dual Steam (NEO DIVA SXS 6010, Silver, Active Color Protection, Hard Water Wash)",4.2 out of 5 stars,IFB,"27,390",Capacity 6 Kilograms,Access Location Front Load
"LG 6.5 Kg 5 Star Smart Inverter Fully-Automatic Top Loading Washing Machine (T65SNSF1Z, Middle Free Silver, TurboDrum)",4.4 out of 5 stars,LG,NaN,Capacity 6.5 Kilograms,NaN
"Lloyd 12 Kg 5 Star Semi-Automatic Top Load Washing Machine (GLWMS12ADGMA, Vibrant Grey Tub with Black Base & Dark Grey Control Panel )",5.0 out of 5 stars,Lloyd,NaN,Capacity 12 Kilograms,NaN
"IFB 7.0 Kg 5 Star Top Load Washing Machine Aqua Conserve (TL-REGS 7.0KG AQUA, Medium Grey, 2X Power Dual Steam, Inbuilt Heater)",3.5 out of 5 stars,IFB,"21,500",Capacity 7 Kilograms,Access Location Top Load
DMR 4.6kg Portable Washing Machine - Only Washer (No Dryer) - Model DMR OW-46,3.6 out of 5 stars,DMR,"5,799",Capacity 4 Kilograms,Access Location Top Load
"Whirlpool 5 StarWhitemagic Premier 7kg GenX Fully Automatic Top Load Washing Machine (Hard Water Wash, Grey)",4.2 out of 5 stars,Whirlpool,NaN,Capacity 7 Kilograms,Access Location Top Load
"IFB 6.5 KG Fully-Automatic Top Load Washing Machine (TL-RPSS 6.5KG AQUA,Silver)",5.0 out of 5 stars,IFB,"21,499",Capacity 6.5 Kilograms,Access Location Top Load
"Samsung 6.5 Kg 5 Star Inverter Fully-Automatic Top Loading Washing Machine (WA65T4262FS/TL , Silver, Wobble technology)",4.3 out of 5 stars,NaN,"15,990",NaN,NaN
"Panasonic 8 Kg Wifi Built-In Heater Fully-Automatic Top Loading Smart Washing Machine (NA-F80V10LRB, Silver, Compatible with Alexa)",4.3 out of 5 stars,Panasonic,"27,990",Capacity 8 Kilograms,Access Location Top Load
"Samsung 7.5 kg Fully-Automatic Top Loading Washing Machine (WA75A4022FS/TL, Imperial Silver, Wobble Technology)",4.2 out of 5 stars,NaN,"19,990",NaN,NaN
"Samsung 9 Kg WiFi Enabled Inverter 5 Star Fully-Automatic Top Load Ecobubble Washing Machine (WA90BG4542BDTL, Bubble Storm technology, Dark Gray)",3.7 out of 5 stars,Samsung,"24,790",Capacity 9 Kilograms,Access Location Top Load
"IFB 8 Kg 5 Star Front Load Washing Machine Aqua Energie (SENATOR PLUS VX, White, Active Color Protection, Hard Water Wash)",3.5 out of 5 stars,IFB,"32,990",Capacity 8 Kilograms,Access Location Front Load
"LG 8 Kg 5 Star Inverter Fully-Automatic Front Loading Washing Machine with Inbuilt heater (FHV1408Z2M, Middle Black, AI DD Technology & Steam for Hygiene)",4.5 out of 5 stars,LG,"41,990",Capacity 8 Kilograms,NaN
"Panasonic 7.5 Kg Wifi  Fully-Automatic Top Loading Smart Washing Machine (NA-F75A10MRB, Middle Free Silver, Compatible with Alexa)",4.4 out of 5 stars,Panasonic,"21,990",Capacity 7.5 Kilograms,Access Location Top Load
"Whirlpool 7 kg 5 Star Fully-Automatic Top Loading Washing Machine (WHITEMAGIC ELITE 7.0, Grey, Hard Water Wash)",4.3 out of 5 stars,Whirlpool,NaN,Capacity 7 Kilograms,NaN
"Onida 8.0 kg 5 Star Semi-Automatic Top Loading Washing Machine (S80SCTR, Lava Red)",4.0 out of 5 stars,NaN,"10,999",NaN,NaN
"Samsung 8 Kg 5 Star AI Control & Wi-Fi, Fully-Automatic Front Loading Washing Machine (WW80T504DAB1TL, Black Caviar, Digital Inverter)",4.3 out of 5 stars,Samsung,"36,990",Capacity 8 Kilograms,Access Location Front Load
"Whirlpool 9 Kg 5 Star Semi-Automatic Top Loading Washing Machine (ACE XL 9, Graphite Grey, 3D Scrub Technology)",4.1 out of 5 stars,Whirlpool,"15,990",Capacity 9 Kilograms,Access Location Top Load
"IFB 6 Kg 5 Star Front Load Washing Machine 2X Power Dual Steam (DIVA AQUA SXS 6008, Silver, Active Color Protection, Hard Water Wash)",4.2 out of 5 stars,IFB,"23,790",Capacity 6 Kilograms,Access Location Front Load
"IFB 6.5 Kg 5 Star Front Load Washing Machine 2X Power Dual Steam (SENORITA SXS 6510, Silver & Black, Active Color Protection, Hard Water Wash)",4.2 out of 5 stars,IFB,"29,990",Capacity 6.5 Kilograms,Access Location Front Load
"LG 6.5 Kg 5 Star Inverter Fully-Automatic Front Loading Washing Machine (FHM1065SDL, Silver, 6 Motion Direct Drive)",5.0 out of 5 stars,LG,"29,990",Capacity 6.5 Kilograms,NaN
"Onida 7 Kg 5 Star Semi-Automatic Top Loading Washing Machine (S70OIB, White)",4.2 out of 5 stars,Onida,"9,200",Capacity 7 Kilograms,NaN
"LG 9.0 Kg 5 Star Inverter Fully-Automatic Front Loading Washing Machine (FHM1409BDP, Platinum, 6 Motion Direct Drive)",4.4 out of 5 stars,LG,"37,490",Capacity 9 Kilograms,NaN
"LG 6.2 kg Inverter Fully-Automatic Top Loading Washing Machine ( T7288NDDLG.ASFPEIL, Middle Free Silver)",4.4 out of 5 stars,LG,"19,900",Capacity 6.2 Kilograms,NaN
"Havells-Lloyd 7.5 Kg 5 Star Semi-Automatic Top Load Washing Machine (LWMS75AVGEL Black, Active Soak)",4.4 out of 5 stars,Lloyd,NaN,Capacity 7.5 Kilograms,Access Location Front Load
Voltas Beko 9 kg Semi Automatic Washing Machine (Burgundy) WTT90AGRT,3.1 out of 5 stars,Voltas Beko,"13,199",Capacity 9 Kilograms,Access Location Top Load
"IFB 8.0 Kg Fully-Automatic Top Loading Washing Machine (TL-SBRS 8.0 KG Aqua, Brown, 2X Power Steam, In-built Heater)",5.0 out of 5 stars,NaN,NaN,NaN,NaN
"Whirlpool 7.5 Kg 5 Star Fully-Automatic Top Loading Washing Machine (WHITEMAGIC ELITE 7.5, Grey, Hard Water Wash)",4.2 out of 5 stars,Whirlpool,"19,590",Capacity 7.5 Kilograms,NaN
"IFB 8 Kg 5 Star Front Load Washing Machine 2X Power Dual Steam (SENATOR WSS 8014, Silver, Active Colour Protection, Hard Water Wash)",4.2 out of 5 stars,IFB,"37,000",Capacity 8 Kilograms,Access Location Front Load
Whirlpool 7.5 Kg 5 Star Semi-Automatic Top Loading Washing Machine (ACE 7.5 TRB DRY MAX GREY DAZZELE(5YR)),4.5 out of 5 stars,Whirlpool,"12,740",Capacity 7.5 Kilograms,Access Location Top Load
"Samsung 6.5 Kg Inverter 5 star Fully-Automatic Top Loading Washing Machine (WA65T4262VS/TL, Imperial Silver, Wobble technology)",4.2 out of 5 stars,NaN,NaN,NaN,NaN
"IFB 7.0 Kg Fully-Automatic Top Loading Washing Machine (TL-SPGS 7.0 KG Aqua, Medium Grey, 2X Power Steam, In-built Heater)",3.0 out of 5 stars,NaN,"25,890",NaN,NaN
"Godrej 7.5 Kg 5 Star Fully-Automatic Top Loading Washing Machine with In Built Heater (WTEON MGNS 75 5.0 FDTG MTBK, Metallic Black, Zero Pressure Technology)",3.7 out of 5 stars,Godrej,"18,490",Capacity 7.5 Kilograms,NaN
"Samsung 6.5 Kg 5 Star Inverter Fully-Automatic Top Loading Washing Machine (WA65T4262FS/TL , Silver, Wobble technology)",4.3 out of 5 stars,NaN,"15,990",NaN,NaN
"IFB 7 Kg 5 Star Front Load Washing Machine 2X Power Dual Steam (NEO DIVA WSS 7010, White & Silver, Active Color Protection, Hard Water Wash)",4.1 out of 5 stars,IFB,"31,590",Capacity 7 Kilograms,Access Location Front Load
"IFB 9.0 Kg 5 Star Top Load Washing Machine Aqua Conserve (TL-SLBS 9.0KG AQUA, Silver, Power Dual Steam, Inbuilt Heater)",3.4 out of 5 stars,IFB,"30,490",Capacity 9 Kilograms,Access Location Top Load
"Bosch 6.5 kg 5 Star Inverter Fully Automatic Front Load (WLJ2026DIN, Lux Silver, Inbuilt Heater)",4.2 out of 5 stars,Bosch,"29,999",Capacity 6.5 Kilograms,Access Location Front Load
"Panasonic 8 Kg Wifi  Fully-Automatic Top Loading Smart Washing Machine (NA-F80A10CRB, Charcoal Inox Grey, Compatible with Alexa)",4.3 out of 5 stars,Panasonic,"23,490",Capacity 8 Kilograms,Access Location Top Load
"Samsung 7 Kg 5 Star Inverter, Hygiene Steam Fully-Automatic Front Loading Washing Machine (WW70T4020EE1TL, White, Diamond Drum)",4.3 out of 5 stars,Samsung,"27,990",Capacity 7 Kilograms,NaN
"LG 8 Kg 5 Star Inverter Fully-Automatic Top Load Washing Machine (T80SKSF1Z, Middle Free Silver, Turbodrum)",4.3 out of 5 stars,LG,"20,990",Capacity 8 Kilograms,NaN
"IFB 6.5 Kg 5 Star Front Load Washing Machine 2X Power Dual Steam (ELENA ZSS 6510, Silver & Black, Active Color Protection, Hard Water Wash)",4.2 out of 5 stars,IFB,"31,890",Capacity 6.5 Kilograms,Access Location Front Load
"Whirlpool 7.5 Kg 5 Star Royal Plus Fully-Automatic Top Loading Washing Machine (WHITEMAGIC ROYAL PLUS 7.5, Grey, Hard Water Wash)",4.2 out of 5 stars,Whirlpool,"17,740",Capacity 7.5 Kilograms,Access Location Top Load
"Bosch 7.5 Kg 5 Star Fully Automatic Top Load Washing Machine WOE753M0IN (Maroon), Extra Large",3.9 out of 5 stars,Bosch,"28,990",Capacity 7.5 Kilograms,Access Location Top Load
"Godrej EDGE ULTIMA 8 Kg 5 star Semi-Automatic Top Loading Washing Machine (WSEDGE ULTS 80 5.0 DB2M CSGR, Crystal Grey, Stainless Steel Wash and Spin Drum)",4.4 out of 5 stars,Godrej,NaN,Capacity 8 Kilograms,NaN
"Voltas Beko 9.0 kg 5 Star Fully-Automatic Top Loading Washing Machine (WTL90UPGB, Gray) 2020",3.3 out of 5 stars,NaN,NaN,NaN,NaN
"Whirlpool 8.5 Kg 5 Star Semi-Automatic Top Loading Washing Machine (ACE 8.5 TURBO DRY, Silver Dazzle)",4.3 out of 5 stars,Whirlpool,NaN,Capacity 8.5 Kilograms,NaN
"IFB 8 Kg 5 Star Front Load Washing Machine 2X Power Dual Steam (SENATOR MXS 8012, Mocha, Active Color Protection, Hard Water Wash)",4.0 out of 5 stars,IFB,"36,983",Capacity 8 Kilograms,Access Location Front Load
"LG 6.5 Kg 5 Star Smart Inverter Fully-Automatic Top Loading Washing Machine (T65SPSF2Z, Middle Free Silver, TurboDrum)",4.3 out of 5 stars,LG,"21,390",Capacity 6.5 Kilograms,NaN
"Amazon Basics 7 Kg Fully Automatic Front Loading Washing Machine (White, Steam Wash, Built-in Heater)",3.2 out of 5 stars,AmazonBasics,"22,990",Capacity 7 Kilograms,Access Location Front Load
"Intex 8 KG Semi Automatic Top Loading Washing Machine with Air Dry Technology (Transparent Lid, Burgundy, SA80FBPT)",NaN,INTEX,"10,290",Capacity 8 Kilograms,NaN
ZADIC Mini Foldable Washing Machine | Undergarments and use in Travel Also | Ultrasonic Cleaning Machine | Small Automatic Portable Underwear Folding 2Kg Washing Machine [Multicolor],5.0 out of 5 stars,REYANSH ENTERPRISE,"4,349",Capacity 2 Kilograms,Access Location Top Load
"VVE Mini Foldable Washing Machine, Portable Washing Machine Small Automatic Portable Folding Compact Washing Machine(Color May Vary)",2.5 out of 5 stars,VVE,"3,599",Capacity 0.8 Kilograms,Access Location Top Load
"Panasonic 8 kg 5 Star Semi-Automatic Top Loading Washing Machine with Powerful Motor (NA-W80B5ARB, Blue, Active Foam System)",4.3 out of 5 stars,Panasonic,"13,200",Capacity 8 Kilograms,NaN
White Westinghouse 7.5kg Ultra Hydrant Technology Fully-Automatic Top Loading Washing Machine (HDT7500 / GREY/Ultra Hydrant Technology ),3.9 out of 5 stars,NaN,"14,499",NaN,NaN
"Voltas Beko 8 kg 5 Star Semi Automatic Washing Machine (WTT80DBLG, Sky Blue)",4.0 out of 5 stars,Voltas Beko,NaN,Capacity 8 Kilograms,Access Location Top Load
"IFB 8 Kg 5 Star Front Load Washing Machine 2X Power Dual Steam (SENATOR PLUS SXS 8014, Silver, Active Colour Protection, Hard Water Wash)",4.4 out of 5 stars,IFB,"37,990",Capacity 8 Kilograms,NaN
"Samsung 9 Kg 5 Star Wi-Fi Inverter Fully-Automatic Front Loading Washing Machine (WW90T604DLN1TL, Inox, In-Built Heater)",3.6 out of 5 stars,Samsung,"45,000",Capacity 9 Kilograms,Access Location Front Load
"LG 10.5 Kg / 7.0 Kg Inverter Front Load Wi-Fi Washer Dryer (FHD1057STB, Black Steel, In-built Heater, Turbo Wash)",4.2 out of 5 stars,LG,"65,490",Capacity 10.5 Kilograms,NaN
"Samsung 8.5 kg 5 Star Semi-Automatic Top Loading Washing Machine (WT85R4000LL/TL, Blue, Air turbo drying)",4.3 out of 5 stars,Samsung,"13,790",Capacity 8.5 Kilograms,NaN
"LG 6.0 Kg Inverter Fully-Automatic Front Loading Washing Machine (FHT1006HNW, Blue White)",4.4 out of 5 stars,LG,NaN,Capacity 6 Kilograms,NaN
"LG 7 Kg 5 Star Inverter Fully-Automatic Top Loading Washing Machine (T70SJMB1Z, Middle Black, Jet Spray+)",4.4 out of 5 stars,LG,"21,119",Capacity 7 Kilograms,NaN
"Samsung 8 Kg 5 Star Inverter, Hygiene Steam Fully-Automatic Front Loading Washing Machine (WW80T4040CE1TL, White)",4.3 out of 5 stars,Samsung,"31,990",Capacity 8 Kilograms,NaN
"Foxsky 7.6 kg Semi-Automatic Top Loading Washing Machine (FOXSKY AQUA WASH 7.6 KG, MAROON)",3.8 out of 5 stars,Foxsky,"9,100",Capacity 7.6 Kilograms,Access Location Top Load
"Whirlpool 10.5 kg 5 Star Semi-Automatic Top Loading Washing Machine (ACE XL 10.5, Graphite Grey, 3D Scrub Technology)",4.4 out of 5 stars,Whirlpool,"17,990",Capacity 10.5 Kilograms,NaN
"Onida 8 Kg Semi-Automatic Top Loading Washing Machine (S80SBXR, White)",5.0 out of 5 stars,Onida,"9,990",Capacity 8 Kilograms,NaN
"Panasonic 7 Kg Wifi Built-In Heater Fully-Automatic Top Loading Smart Washing Machine (NA-F70AH10MB, Middle Free Silver, Works with Alexa)",4.0 out of 5 stars,Panasonic,"22,790",Capacity 7 Kilograms,Access Location Top Load
"Godrej Edge Pro 9 Kg 5 Star Semi Automatic Top Load Washing Machine (WSEDGE PRO 90 5.0 PB3 M LISP, Lilac Sprinkle)",4.2 out of 5 stars,Godrej,"14,390",Capacity 9 Kilograms,Access Location Top Load
"Voltas Beko 8 kg Semi-Automatic Top Loading Washing Machine (WTT80DGRT, Gray) 2020",4.0 out of 5 stars,Voltas Beko,NaN,Capacity 8 Kilograms,NaN
"Haier 8 Kg 5 Star Rating Fully Automatic Top Load Washing Machine (HWM80-H826S6, Black)",NaN,Haier,"27,340",Capacity 8 Kilograms,NaN
"Candes 6.5 kg Semi Automatic Top Load Washing Machine (2 Wash Program, Heavy Moter, Low Water Consumption, 5 Year Warranty on Moter), Maroon Red (CTPL65PL1SWM) 2023",NaN,Candes,"7,490",Capacity 6.5 Kilograms,NaN
"IFB 10.0 Kg 5 Star Top Load Washing Machine Aqua Conserve (TL-SIBS 10.0KG AQUA, Inox, Power Dual Steam, Inbuilt Heater)",3.5 out of 5 stars,IFB,"32,390",Capacity 10 Kilograms,Access Location Top Load
"Whirlpool 6.5 Kg 5 Star Fully-Automatic Top Loading Washing Machine (CLS6.5 GRY, Grey)",4.4 out of 5 stars,Whirlpool,NaN,Capacity 6.5 Kilograms,Access Location Top Load
"AmazonBasics 7 kg Semi Automatic Washing Machine (with Heavy wash function, White/Blue color)",3.9 out of 5 stars,AmazonBasics,"9,990",Capacity 7 Kilograms,Access Location Front Load
"Panasonic 6.7 kg Built-in Heater Fully-Automatic Top Loading Washing Machine (NA-F67BH8MRB,Middle free silver,Active Foam System) with Water Reuse",4.3 out of 5 stars,Panasonic,"16,990",Capacity 6.7 Kilograms,Access Location Top Load
"LG 8 Kg 5 Star Inverter Fully-Automatic Front Loading Washing Machine with Inbuilt heater (FHP1208Z3W, Blue White, AI DD Technology & Steam for Hygiene)",NaN,LG,"35,990",Capacity 8 Kilograms,NaN
"Whirlpool 8 kg 5 Star Semi-Automatic Top Loading Washing Machine (ACE SUPER SOAK 8.0, Coral Red, Supersoak Technology)",4.3 out of 5 stars,Whirlpool,NaN,Capacity 8 Kilograms,NaN
Bosch 6.5kg 5 Star 1000RPM INVERTER TOUCH CONTROL Fully Automatic Front Load with Heater White(WLJ2006EIN),4.4 out of 5 stars,Bosch,NaN,Capacity 6.5 Kilograms,Access Location Front Load
"Voltas Beko 8.5 kg Semi-Automatic Top Loading Washing Machine, 2 Casette Filter (WTT85DBLT, Sky Blue)",3.9 out of 5 stars,Voltas Beko,"16,990",Capacity 8.5 Kilograms,Access Location Top Load
"Panasonic 8 Kg Wifi  Fully-Automatic Top Loading Smart Washing Machine (NA-F80X10PRB, Pure Black, Compatible with Alexa)",4.3 out of 5 stars,Panasonic,"24,490",Capacity 8 Kilograms,Access Location Top Load
Voltas Beko 12 kg Semi Automatic Washing Machine (Burgundy) WTT120ABRT,NaN,NaN,"18,990",NaN,NaN
"Panasonic 7 kg 5 Star Semi-Automatic Top Loading Washing Machine (NA-W70E5RRB, Red, Powerful Motor, Active Foam System, Effective Wash Pulsator )",4.2 out of 5 stars,Panasonic,"10,490",Capacity 7 Kilograms,NaN
"Panasonic 8.0 Kg 5 Star Wifi Inverter Fully-Automatic Front Loading Washing Machine (NA-148MF1L01, Silver, Compatible for Alexa)",4.0 out of 5 stars,Panasonic,"41,990",Capacity 8 Kilograms,Access Location Front Load
"Whirlpool 7.5 Kg Fully-Automatic Top Loading Washing Machine (Stainwash Ultra SC 10 YMW, Grey)",4.2 out of 5 stars,NaN,NaN,NaN,NaN
"Godrej 7.5 Kg 5 Star Fully-Automatic Top Loading Washing Machine (WTEON MGNS 75 5.0 FDTN MTBK, Metallic Black, Zero Pressure Technology)",4.2 out of 5 stars,Godrej,"16,390",Capacity 7.5 Kilograms,NaN
"Panasonic 7 kg 5 Star Semi-Automatic Top Loading Washing Machine (NA-W70E5RRB, Red, Powerful Motor, Active Foam System, Effective Wash Pulsator )",4.2 out of 5 stars,Panasonic,"10,490",Capacity 7 Kilograms,NaN
"AmazonBasics 8.5 kg Top Load Washing Machine (Grey/Black, Full Metal body, LED Display)",4.0 out of 5 stars,AmazonBasics,"16,990",Capacity 8.5 Kilograms,Access Location Top Load
"LUCK STORE Mini Foldable Top Load Washing Machine Portable, Small Automatic Cleaning Washer with Capacity of 2 kg, Multicolour",4.6 out of 5 stars,LUCK STORE,NaN,NaN,Access Location Top Load
"Samsung 7.0 Kg Inverter 5 star Semi-Automatic Washing Machine, Top Load (WT70M3200HL/TL, Light Grey, Air turbo drying)",4.2 out of 5 stars,Samsung,NaN,Capacity 7 Kilograms,Access Location Top Load
"Panasonic 7 Kg Semi-Automatic Top Loading Washing Machine (NA-W70L6ARB, Blue)",NaN,Panasonic,NaN,Capacity 7 Kilograms,Access Location Top Load
"IFB 8.5 kg 5 Star Fully-Automatic Front Loading Washing Machine (EXECUTIVE PLUS VX ID, White, In-Built Heater, 4D Wash technology)",4.4 out of 5 stars,IFB,"39,999",Capacity 8.5 Kilograms,NaN
Havells-Lloyd 7.0 kg Fully Automatic Front Load Washing Machine (GLWMF70WC1 White),5.0 out of 5 stars,Lloyd,"27,990",Capacity 7 Kilograms,Access Location Front Load
"Samsung 9 Kg '5-star Ecobubble™ Wi-Fi Inverter Fully Automatic Top Load Washing Machine (WA90BG4546BVTL,Black Caviar), Bubble Storm & Super Speed Technology",NaN,Samsung,NaN,Capacity 9 Kilograms,NaN
"Godrej EDGE ULTIMA 8 Kg 5 star Semi-Automatic Top Loading Washing Machine (WSEDGE ULT 80 5.0 DB2M CSRD, Crystal Red, tougened glass lids)",4.4 out of 5 stars,Godrej,NaN,Capacity 8 Kilograms,Access Location Top Load
"Lloyd 8 Kg 5 Star Semi-Automatic Top Load Washing Machine (GLWMS80APBEL, Pastel Blue )",5.0 out of 5 stars,Lloyd,NaN,Capacity 8 Kilograms,NaN
"Godrej 7 Kg 5 Star Fully-Automatic Top Loading Washing Machine (WTEON MGNS 70 5.0 FDTN SRGR, , Storm Grey, Zero Pressure Technology)",4.2 out of 5 stars,NaN,"16,490",NaN,NaN
"Samsung 7 Kg 5 Star AI Control & Wi-Fi, Fully-Automatic Front Loading Washing Machine (WW70T502NTW1TL, White, Digital Inverter)",4.3 out of 5 stars,Samsung,"30,490",Capacity 7 Kilograms,NaN
"IFB 6.5 kg Fully-Automatic Top Loading Washing Machine (TL-RBR 6.5Kg Aqua, Brown, Hard Water Wash, Smart Sense)",NaN,IFB,"22,790",Capacity 6.5 Kilograms,NaN
"Whirlpool 9.5 kg Semi-Automatic Top Loading Washing Machine (ACE XL 9.5, Coral Red, 3D Scrub Technology)",4.2 out of 5 stars,Whirlpool,NaN,Capacity 9.5 Kilograms,NaN
"Haier 707 Series 6.5 KG 5 Star Fully Automatic Top Load Washing Machine (HWM65-707BKNZP, Titanium Grey)",4.0 out of 5 stars,Haier,NaN,Capacity 6.5 Kilograms,Access Location Top Load
"LG AI Direct Drive Front Load Washer with Steam & TurboWash, FHV1409ZWP, 9.0Kg",4.4 out of 5 stars,LG,"40,980",Capacity 9 Kilograms,Access Location Front Load
"Samsung 6.5 Kg Inverter 3 star Fully-Automatic Top Loading Washing Machine (WA65M4001HA/TL, Imperial Silver, wobble technology)",4.5 out of 5 stars,NaN,"21,551",NaN,NaN
"LG 8.0 kg Semi-Automatic Top Loading Washing Machine (P9037R3SM, Dark Blue)",4.3 out of 5 stars,LG,NaN,Capacity 8 Kilograms,Access Location Top Load
"Haier 8.5 Kg Semi-Automatic Top Loading Washing Machine (HTW85-178, Red Roses)",4.1 out of 5 stars,Haier,NaN,Capacity 8.5 Kilograms,NaN
"Whirlpool 8 kg 5 Star Semi-Automatic Top Loading Washing Machine (ACE SUPER SOAK 8.0, Coral Purple, Supersoak Technology)",4.4 out of 5 stars,Whirlpool,NaN,Capacity 8 Kilograms,NaN
"Panasonic 7 kg 5 Star Semi-Automatic Top Loading Washing Machine with Powerful Motor (NA-W70B5RRB, Red, Active Foam System)",4.6 out of 5 stars,Panasonic,"12,490",Capacity 7 Kilograms,NaN
"Amazon Basics 7 Kg Fully Automatic Front Loading Washing Machine (White, Steam Wash, Built-in Heater)",3.2 out of 5 stars,AmazonBasics,"22,990",Capacity 7 Kilograms,Access Location Front Load
"Samsung 8 Kg '5 Star Ecobubble Wi-Fi Inverter Fully Automatic Top Load Washing Machine (Wa80Bg4542Bdtl,Versailles Gray), Bubble Storm Technology",4.4 out of 5 stars,Samsung,NaN,Capacity 8 Kilograms,Access Location Top Load
"Panasonic 7 Kg Wifi Built-In Heater Fully-Automatic Top Loading Smart Washing Machine (NA-F70AH10MB, Middle Free Silver, Works with Alexa)",4.0 out of 5 stars,Panasonic,"22,790",Capacity 7 Kilograms,Access Location Top Load
"Bosch 6 Kg Fully-Automatic Front Loading Washing Machine (WLJ2026SIN, Silver)",4.2 out of 5 stars,Bosch,NaN,Capacity 6 Kilograms,Access Location Front Load
"Foxsky 7.6 kg Semi-Automatic Top Loading Washing Machine (FOXSKY AQUA WASH 7.6 KG, MAROON)",3.8 out of 5 stars,Foxsky,"9,100",Capacity 7.6 Kilograms,Access Location Top Load
"Whirlpool 7 kg Semi-Automatic Top Loading Washing Machine (Ace 7.0 Supreme Plus, Coral Red)",4.3 out of 5 stars,Whirlpool,NaN,Capacity 7 Kilograms,Access Location Top Load
DMR Single Tub Portable Mini 4.6 Kg Washing Machine with 2 kg Steel Dryer Basket (White)- DMR 46-1218 (W2Yr),NaN,DMR,"6,499",Capacity 4.6 Kilograms,NaN
Whirlpool Whitemagic Classic 6.5 Kg GenX Fully Automatic Top Load Washing Machine,NaN,Whirlpool,"16,590",NaN,Access Location Top Load
"Ifb Laundrimagic 3-In-1 8.5 Kg/6.5 Kg/2.5 Kg Inverter Washer Dryer Refresh Front Load (Executive Zxm, Mocha)",3.9 out of 5 stars,IFB,"59,990",Capacity 8.5 Kilograms,NaN
"Panasonic 7 kg 5 Star Semi-Automatic Top Loading Washing Machine with Powerful Motor (NA-W70B5RRB, Red, Active Foam System)",4.6 out of 5 stars,Panasonic,"12,490",Capacity 7 Kilograms,NaN
"Bosch 9 KG /6 KG Inverter Front Load Washer Dryer (WNA14408IN, Silver, Inbuilt Heater 1400 RPM)",4.2 out of 5 stars,Bosch,NaN,Capacity 9 Kilograms,Access Location Front Load
"Samsung 12 Kg 5 Star Wi-Fi Inverter Fully-Automatic Front Loading Washing Machine (WW12T504DAB/TL, Black Caviar, In-Built Heater)",5.0 out of 5 stars,Samsung,NaN,Capacity 12 Kilograms,NaN
"Godrej 7.5 Kg 5 Star Fully-Automatic Top Loading Washing Machine with In Built Heater (WTEON MGNS 75 5.0 FDTG MTBK, Metallic Black, Zero Pressure Technology)",3.7 out of 5 stars,Godrej,"18,490",Capacity 7.5 Kilograms,NaN
BIGGTOY Mini Foldable Washing Machine | Undergarments and use in Travel Also | Ultrasonic Cleaning Machine | Small Automatic Portable Underwear Folding 2Kg Washing Machine [Multicolor],5.0 out of 5 stars,BIGGTOY,"4,399",Capacity 2 Kilograms,Access Location Top Load
"LG 8 kg 5 Star Inverter Wi-Fi Fully-Automatic Front Loading Washing Machine (FHV1408ZWP, Platinum Silver, Steam)",4.4 out of 5 stars,LG,NaN,Capacity 8 Kilograms,Access Location Front Load
"Haier 6 kg Fully-Automatic Front Loading Washing Machine with Muscular Drum, LED Display (HW60-10829NZP, White)",4.0 out of 5 stars,Haier,"22,490",Capacity 6 Kilograms,NaN
"LG 9 Kg 5 Star Wi-Fi Fully-Automatic Top Load Washing Machine (THD09NWF, Middle Free Silver, AIDD Technology & TurboWash)",NaN,LG,NaN,Capacity 9 Kilograms,NaN
"Godrej 7.2 Kg Semi-Automatic Top Loading Washing Machine (WS EDGE CLS+ 72 TN3 M WNRD, Wine Red)(TOUHENED GLASS)",NaN,Godrej,NaN,Capacity 7.2 Kilograms,Access Location Top Load
Midea 7 kg Fully Automatic Front Load with In-built Heater White (MWMFL070HEF),NaN,Midea,"17,905",Capacity 7 Kilograms,Access Location Front Load
"LG 6.5 kg Fully Automatic Front Load Washing Machine (FHV1265ZFW, White)",4.7 out of 5 stars,LG,NaN,Capacity 6.5 Kilograms,Access Location Front Load
FREEDOM PLUS mini washing machine - 6.5kg,NaN,FREEDOM PLUS,"3,999",NaN,Access Location Top Load
"Godrej 7.5 Kg 5 Star Fully-Automatic Top Loading Washing Machine (WTEON VLVT 75 5.0 FDTN MTBK, Metallic Black, Zero Pressure Technology)",NaN,NaN,"20,409",NaN,NaN
"Panasonic 8 Kg Wifi  Fully-Automatic Top Loading Smart Washing Machine (NA-F80A10CRB, Charcoal Inox Grey, Compatible with Alexa)",4.3 out of 5 stars,Panasonic,"23,490",Capacity 8 Kilograms,Access Location Top Load
AKSHAR INDUSTRIES Portable Washing Machine Bucket Portable Washing Machine for Shoes Portable Washing Machine Handy Handy Washing Machine Bucket Portable Washing Machine.,NaN,AKSHAR INDUSTRIES,"2,499",Capacity 100 Milliliters,Access Location Top Load
"Panasonic 8 Kg Wifi Built-In Heater Fully-Automatic Top Loading Smart Washing Machine (NA-F80V10SRB, Stainless Steel, Compatible with Alexa)",4.0 out of 5 stars,Panasonic,"28,690",Capacity 8 Kilograms,Access Location Top Load
"Godrej 7.5 Kg Semi-Automatic Top Loading Washing Machine (WS EDGE CLS 7.5 PN2 M ROPL, Royal Purple)",4.2 out of 5 stars,Godrej,NaN,Capacity 7.5 Kilograms,NaN
PPJ ®- Portable Handy Bucket Washing Machine/Mini Washing Machine with 350 Watt - Nylon Belt Model Capacity 2 Kilograms (Pack of 1),3.6 out of 5 stars,PPJ,"2,349",Capacity 2 Kilograms,Access Location Front Load
Bosch 6.5 Kg Top Load Washing Machine (WOE653D0IN-N_DarkGrey),NaN,Bosch,NaN,Capacity 7 Kilograms,NaN
"LG 7.5 Kg 5 Star Semi-Automatic Top Loading Washing Machine (P7535SMMZ, Mauve, Wind Jet Dry)",4.4 out of 5 stars,LG,"14,699",Capacity 7.5 Kilograms,NaN
PARTIZANO Bucket/Handy Washing Machine for Clothes Multicolor,NaN,PARTIZANO,"2,299",Capacity 2 Kilograms,Access Location Front Load
"LG 11 kg 5 Star Semi-Automatic Top Loading Washing Machine (P1145SRAZ, Burgundy, Punch + 3)",4.6 out of 5 stars,LG,NaN,Capacity 11 Kilograms,NaN
"Haier Fully Automatic Washing Machine with Inverter Motor, Super Drum, Dual Spray (HW80-IM12929C, Ice White)",5.0 out of 5 stars,Haier,"35,690",Capacity 8 Kilograms,Access Location Front Load
"Intex 7.5 KG Semi Automatic Top Loading Washing Machine with Toughened Glass Lid (Modern Design, Dark Black-Grey-Orange, SA75DBHG)",NaN,INTEX,"9,490",Capacity 7.5 Kilograms,NaN
"Panasonic 7.5 Kg Wifi  Fully-Automatic Top Loading Smart Washing Machine (NA-F75A10MRB, Middle Free Silver, Compatible with Alexa)",4.4 out of 5 stars,Panasonic,"21,990",Capacity 7.5 Kilograms,Access Location Top Load
Equator USA Set of 8kg Fully-Automatic Top Load Washing Machine + 2.5 kg Dryer,NaN,NaN,"41,980",NaN,NaN
"Hisense 7.0 Kg Fully-Automatic Front Loading Washing Machine (WFVB7012MS, Silver, Steam Wash, Built in Heater ), Silver",3.6 out of 5 stars,Hisense,"24,990",Capacity 7 Kilograms,NaN
"Samsung 11 Kg Inverter 5 star Fully-Automatic Top Loading Washing Machine (WA11J5751SP/TL, Silver, Wobble Technology)",3.8 out of 5 stars,Samsung,NaN,Capacity 11 Kilograms,NaN
"Samsung 9 Kg 5 Star Wi-Fi Inverter Fully-Automatic Front Loading Washing Machine (WW90T604DLN1TL, Inox, In-Built Heater)",3.6 out of 5 stars,Samsung,"45,000",Capacity 9 Kilograms,Access Location Front Load
"Intex 7 KG Semi Automatic Top Loading Washing Machine (Transparent Lid, Navy Blue and White, SA70NBPT)",NaN,INTEX,"8,490",Capacity 7 Kilograms,Access Location Top Load
"Godrej 7 Kg 5 Star Fully-Automatic Top Loading Washing Machine (WTEON ALR C 70 5.0 ROGR, Grey, Rollercoaster Wash)",4.1 out of 5 stars,Godrej,"17,990",Capacity 7 Kilograms,NaN
"Whirlpool 7.5 Kg 5 Star Fully-Automatic Top Loading Washing Machine (360 BLOOMWASH PRO (540) 7.5, Graphite, Hexa Bloom Impeller)",4.1 out of 5 stars,Whirlpool,NaN,Capacity 7.5 Kilograms,Access Location Top Load
"Godrej 7 Kg Semi-Automatic Top Loading Washing Machine (WS AXIS 7.0 PN2 T WNRD, Red, White)",3.8 out of 5 stars,Godrej,NaN,Capacity 7 Kilograms,Access Location Top Load
"Dravizon Mini Foldable Washing Machine, Portable Washing Machine - Ultrasonic Cleaning Machine, Small Automatic Portable Underwear Folding Washing Machine",2.8 out of 5 stars,Dravizon,"9,899",NaN,Access Location Top Load
"Whirlpool 8.5 kg 5 Star Semi-Automatic Top Loading Washing Machine (ACE 8.5 TRB DRY GREY DAZZLE (10YR)-N, Grey Dazzle, 2x Drying Power)",4.4 out of 5 stars,Whirlpool,"13,590",Capacity 8.5 Kilograms,Access Location Top Load
RAMUS Mini Foldable High-Frequency Vibration Portable Top Load Washing Machine - Ultrasonic Cleaning Machine | Small Automatic Portable Underwear Folding Washing Machine (Multicolor),1.5 out of 5 stars,ramus,"4,599",NaN,Access Location Top Load
Bharat Sound Service| Washing Machine,NaN,Generic,"17,900",NaN,NaN
"Panasonic 7 Kg Wifi  Fully-Automatic Top Loading Smart Washing Machine (NA-F70A10LRB, Silver, Compatible with Alexa)",1.0 out of 5 stars,Panasonic,"21,990",Capacity 7 Kilograms,Access Location Top Load
Voltas Beko 8.5 kg Semi Automatic Washing Machine WTT85DGRG/FLRB5,NaN,Voltas Beko,NaN,Capacity 8.5 litres,NaN
Roky Mini Foldable high-Frequency Vibration Washing Machine | Portable Washing Machine - Ultrasonic Cleaning Machine | Small Automatic Portable Underwear Folding Washing Machine.,5.0 out of 5 stars,Roky,"4,299",NaN,NaN
"Bosch WAJ2426GIN Front Loading Washing Machine, 8 kg 1200 rpm (2021)",3.9 out of 5 stars,Bosch,NaN,Capacity 8 Kilograms,Access Location Front Load
Daenyx 9 Kg Jumbo Size Semi Automatic Washing Machine Top Load Red Glass Toughened(DSW-90FTLRB),4.5 out of 5 stars,DAENYX,NaN,Capacity 9 Kilograms,Access Location Top Load
BIGGTOY Mini Foldable Washing Machine | Undergarments and use in Travel Also | Ultrasonic Cleaning Machine | Small Automatic Portable Underwear Folding 2Kg Washing Machine [Multicolor],5.0 out of 5 stars,BIGGTOY,"4,399",Capacity 2 Kilograms,Access Location Top Load
"IFB 7 Kg Fully-Automatic Front Loading Washing Machine (NEO DIVA WS, White,In-Built Heater, 3D Wash Technology)",4.1 out of 5 stars,IFB,"29,990",Capacity 7 Kilograms,Access Location Front Load
"LG 12.0 Kg Inverter Wi-Fi Fully-Automatic Top Loading Washing Machine (THD12STB, Black Stainless Steel)",4.2 out of 5 stars,NaN,NaN,NaN,NaN
"Oracus 7.2 Kg Fully-Automatic Top-Loading Washing Machine (OWTL72GR, Grey, Active+)",3.8 out of 5 stars,Oracus,"13,699",Capacity 7.2 Kilograms,Access Location Top Load
"Samsung 9 Kg 5 Star Wi-Fi Inverter Fully-Automatic Front Loading Washing Machine (WW90T604DLN1TL, Inox, In-Built Heater)",3.6 out of 5 stars,Samsung,"45,000",Capacity 9 Kilograms,Access Location Front Load
"Whirlpool 7.5 kg 5 Star Inverter Fully-Automatic Top Loading Washing Machine with In-Built Heater, (360 Bloomwash PRO INV 7.5 Heater Cool Illusia) (31509)",3.6 out of 5 stars,Whirlpool,"27,990",Capacity 7.5 Kilograms,Access Location Top Load
"Hafele MARINA 6010 W, 6kg Fully-Automatic Front Loading Washing Machine with In-Built Heater, Anti Allergenic Programme, 15 Smart Wash Programs, 1000RPM Spin Speed, White (Marina 6010W)",3.9 out of 5 stars,Hafele,"20,990",Capacity 6 Kilograms,Access Location Front Load
Voltas Beko WTT85BBLS 8.5 kg Semi-Automatic Top Loading Washing Machine Stainless Steel,NaN,Voltas Beko,NaN,Capacity 8.5 Kilograms,Access Location Top Load
"IFB 8 Kg 5 Star Front Load Washing Machine 2X Power Dual Steam (SENATOR SXS 8012, Silver, Active Color Protection, Hard Water Wash)",4.5 out of 5 stars,IFB,"36,090",Capacity 8 Kilograms,Access Location Front Load
"LG 9 kg 5 Star Semi-Automatic Top Loading Washing Machine (P9041SRAZ, Burgundy)",4.8 out of 5 stars,LG,NaN,Capacity 9 Kilograms,NaN
"Haier 8.5 Kg 5 Star Anti-Bacterial Vortex Pulsator Semi Automatic Top Load Washing Machine Black (HTW85-178BK, White, Toughened Glass)",NaN,Haier,NaN,Capacity 8.5 Kilograms,Access Location Top Load
"Panasonic 7 kg Semi-Automatic Top Loading Washing Machine (NA-W70G5VRB, Violet)",4.2 out of 5 stars,Panasonic,"15,490",Capacity 7 Kilograms,NaN
"TOSHIBA 7 Kg Fully Automatic Front Loading Washing Machine (TW-J80S2-IND, White)",3.8 out of 5 stars,TOSHIBA,"30,517",Capacity 7 Kilograms,NaN
"IFB 7 Kg 5 Star Front Load Washing Machine with Power Steam (NEO DIVA SXS 7010, Silver, 1000 RPM)",5.0 out of 5 stars,IFB,NaN,Capacity 7 Kilograms,Access Location Front Load
"Panasonic 7.5 Kg Wifi Built-In Heater Fully-Automatic Top Loading Smart Washing Machine (NA-F75V10LRB, Silver, Compatible with Alexa)",4.4 out of 5 stars,Panasonic,"26,490",Capacity 7.5 Kilograms,Access Location Top Load
"6.5 Kg 5 Star Fully-Automatic Top Loading Washing Machine, Maroon",NaN,Generic,"21,000",Capacity 6.5 Kilograms,Access Location Top Load
AKSHAR INDUSTRIES Portable Washing Machine Small Mini Hand Compact Semi Automatic Washer Laundry Perfect for Home Apartment Dorm RV Camping Travel Outdoor Business Trip (pack of 1),NaN,AKSHAR INDUSTRIES,"2,499",NaN,NaN
Akshar Portable Plastic Washing Machine,3.1 out of 5 stars,NaN,"2,498",NaN,NaN
"Panasonic 8 kg 5 Star Semi-Automatic Glass Lid Top Loading Washing Machine with Powerful Motor (NA-W80H5RRB, Red, Active Foam System)",4.4 out of 5 stars,Panasonic,"17,490",Capacity 8 Kilograms,NaN
"Whirlpool 6.5 Kg Fully-Automatic Top Loading Washing Machine (Stainwash Ultra SC 10 YMW, Grey)",3.6 out of 5 stars,NaN,"21,990",NaN,NaN
"Siemens 7 kg Fully-Automatic Front Loading iQ300 Washing Machine (WM12J16WIN, White)",5.0 out of 5 stars,Siemens,"36,990",Capacity 7 Kilograms,NaN
"Panasonic 7.5 Kg Wifi Built-In Heater Fully-Automatic Top Loading Smart Washing Machine (NA-F75V10LRB, Silver, Compatible with Alexa)",4.4 out of 5 stars,Panasonic,"26,490",Capacity 7.5 Kilograms,Access Location Top Load
"Panasonic 8 Kg Wifi Built-In Heater Fully-Automatic Top Loading Smart Washing Machine (NA-F80V10SRB, Stainless Steel, Compatible with Alexa)",4.0 out of 5 stars,Panasonic,"28,690",Capacity 8 Kilograms,Access Location Top Load
Bosch WAJ2006WIN 7 Kg Fully Automatic Front Load Washing Machine,NaN,Bosch,NaN,Capacity 7 Kilograms,Access Location Front Load
"Whirlpool 6.0 kg Fully-Automatic Front Loading Washing Machine (FRESH CARE 6112, White)",3.4 out of 5 stars,NaN,"23,990",NaN,NaN
"Voltas Beko 9 kg Semi Automatic Washing Machine (Burgundy) WTT90ABRT, Top Load",4.1 out of 5 stars,Voltas Beko,NaN,Capacity 9 Kilograms,Access Location Top Load
Bharat Sound Service|Machine Washing,NaN,Generic,"18,400",NaN,NaN
Knob Suitable for Godrej WS 800 PDS Semi-Automatic Top-Loading Washing Machine,3.6 out of 5 stars,NaN,151,NaN,NaN
"Lloyd 8 Kg 5 Star Semi-Automatic Top Load Washing Machine (GLWMS80APBEL, Pastel Blue )",5.0 out of 5 stars,Lloyd,NaN,Capacity 8 Kilograms,NaN
"Intex Top Loading Washing Machine 8 KG Semi Automatic (Tricolor, 8.0 kg, Full Glass Lid, SA80BLFG)",NaN,INTEX,"11,190",Capacity 8 Kilograms,Access Location Top Load
"Whirlpool 8 kg Inverter Fully Automatic Front Load Washing Machine (Fresh Care 8212, White, Inbuilt Heater)",3.6 out of 5 stars,Whirlpool,"30,990",Capacity 8 Kilograms,Access Location Front Load
"Panasonic 6 kg 5 Star Fully Automatic Front Loading Washing Machine (NA-106MB3L01, Grey)",4.7 out of 5 stars,Panasonic,"27,990",Capacity 6 Kilograms,Access Location Front Load
"LG 8.5 Kg 5 Star Semi-Automatic Top Loading Washing Machine (P8535SGMZ, Dark Gray, Roller Jet Pulsator), Large",4.5 out of 5 stars,LG,NaN,Capacity 8.5 Kilograms,NaN
"IFB Laundrimagic 3-in-1 8.5/6.5/2.5 Kg Inverter Front Load Washer Dryer Refresh (Executive ZXS, Silver)",3.9 out of 5 stars,IFB,"58,489",Capacity 8.5 Kilograms,NaN
"LG 6 Kg Semi-Automatic Top Loading Washing Machine (P6001RG, Dark Grey, Roller Jet Pulsator)",4.2 out of 5 stars,LG,NaN,Capacity 6 Kilograms,NaN
"Bosch 7 kg Fully-Automatic Front Loading Washing Machine (WAJ2446SIN, Silver, Inbuilt Heater)",4.4 out of 5 stars,Bosch,NaN,Capacity 7 Kilograms,NaN
Surya Engineering| Washing Machine adoptor,NaN,NaN,99,NaN,NaN
AKSHAR INDUSTRIES Portable Handy Washing Machine/Mini Washing Machine/Handy Mini Washing Machine with 350 Watt || Used for Instant Washing Cloths and Shoes,NaN,AKSHAR INDUSTRIES,"2,499",NaN,NaN
Voltas Beko WFL6010VTMS 6 kg Fully Automatic Front Loading Washing Machine Anthracite,NaN,Voltas Beko,"25,510",Capacity 6 Kilograms,Access Location Front Load
"Samsung 8.5 Kg 5 star Semi Automatic Top Loading Washing Machine with Hexa Storm ulsator (WT85B4200LL, Light Gray with Blue Base)",NaN,Samsung,NaN,Capacity 7.5 Kilograms,NaN
LLoyd GLWMS90HVGEX Semi Automatic 9.0Kg Washing Machine ( VIBRANT ORANGE & GREY) 2022,3.1 out of 5 stars,Lloyd,NaN,Capacity 9 litres,Access Location Top Load
"Godrej 7.5 Kg 5 Star Fully-Automatic Top Loading Washing Machine (WTEON VLVT 75 5.0 FDTN MTBK, Metallic Black, Zero Pressure Technology)",NaN,NaN,"20,409",NaN,NaN
Manual Washing Machine - 1200RPM Portable Hand Cranked Mini Washing Underwear Laundry Washer Machine with Detachable Dehydration Basket for Home Dormitory Apartment Camping RV's,NaN,Weiyo,NaN,NaN,NaN
"Electrolux 7.5kg 40°C Vapour Wash 5 Star EcoInverter Fully Automatic Front Load Washing Machine, Scandinavian Design for Sustainable Clothing, White, UltimateCare 300, EWF7524D3WB",5.0 out of 5 stars,ELECTROLUX,"34,880",Capacity 7.5 Kilograms,Access Location Front Load
"Samsung 7 Kg Wi-Fi Inverter 5 Star Fully-Automatic Front Loading Washing Machine (WW70T502NTW/TL, White, AI Control)",4.3 out of 5 stars,Samsung,"30,490",Capacity 7 Kilograms,Access Location Front Load
"LG 10 kg 5 Star Semi-Automatic Top Loading Washing Machine (P1045SGAZ, Grey, Wind Jet Dry)",4.5 out of 5 stars,LG,"18,483",Capacity 10 Kilograms,NaN
"Midea 6 Kg Fully Automatic Front Load Washing Machine (MF100W60/T-IN Silver, MF100 Series), Standard",3.4 out of 5 stars,Midea,"23,999",Capacity 6 Kilograms,Access Location Front Load
"LG 10.0 Kg Inverter Wi-Fi Fully-Automatic Top Loading Washing Machine (THD10SWP, Platinum Black,Stainless Steel)",4.2 out of 5 stars,NaN,NaN,NaN,NaN
"Bosch 10Kg/6Kg Inverter Front Load Washer Dryer (WNA254U0IN, In Built Heater, Large LED Display,Eco Projection, White Colour)",4.1 out of 5 stars,Bosch,NaN,Capacity 10 Kilograms,NaN
"Panasonic 7 Kg 5 Star Fully Automatic Top Load Washing Machine (Built-In Heater, NA-F70CH1MRB, Middle Free Silver)",NaN,NaN,NaN,NaN,NaN
"LG 9 Kg 5 Star Inverter Wi-Fi Fully-Automatic Front Loading Washing Machine with Inbuilt heater (FHV1409Z2M, Middle Black, AI DD Technology & Steam for Hygiene)",NaN,LG,"47,899",Capacity 9 Kilograms,NaN
"LG 8.0 kg 5 Star Semi-Automatic Top Loading Washing Machine (P8030SGAZ, Dark Grey)",4.3 out of 5 stars,LG,NaN,Capacity 8 Kilograms,Access Location Top Load
"Oracus 8.5 Kg Semi-Automatic Top Loading Washing Machine (OSW85RR, Ruby Red)",2.6 out of 5 stars,Oracus,"9,390",Capacity 8.5 Kilograms,Access Location Top Load
"Lifelong LLW08 AquaMax 8Kg Top Load Washer Only with Scrubber and 1300 RPM (2 Year Warranty on Product and 5 Years on Motor), White",3.0 out of 5 stars,Lifelong,"7,099",Capacity 8 Kilograms,Access Location Top Load
